Date,BTC,NASDAQ
2017-12-24,10937.56,1047.56
2017-12-25,10475.19,1049.90
2017-12-26,10495.44,1044.38
2017-12-27,12085.76,1042.26
2017-12-28,11838.00,1052.83
2017-12-29,10936.00,1056.36
2017-12-30,10865.82,1047.20
2017-12-31,9545.37,1022.41
2018-01-01,10455.03,1034.94
2018-01-02,10086.62,1031.61
2018-01-03,11019.05,991.93
2018-01-04,11304.09,999.92
2018-01-05,11422.29,1013.26
2018-01-06,12870.06,1009.96
2018-01-07,12918.12,994.31
2018-01-08,12138.06,987.28
2018-01-09,11146.59,1003.37
2018-01-10,10783.13,1009.60
2018-01-11,11078.53,1019.72
2018-01-12,9937.14,1029.53
2018-01-13,10161.24,1032.69
2018-01-14,10465.95,1045.17
2018-01-15,10026.44,1034.71
2018-01-16,10030.52,1042.53
2018-01-17,8284.61,1045.35
2018-01-18,8100.98,1052.21
2018-01-19,8228.21,1058.26
2018-01-20,8411.78,1071.65
2018-01-21,9301.58,1072.95
2018-01-22,8375.16,1084.08
2018-01-23,7827.00,1088.87
2018-01-24,7782.58,1084.93
2018-01-25,8032.70,1093.39
2018-01-26,7955.33,1094.84
2018-01-27,7887.98,1084.45
2018-01-28,8100.02,1089.60
2018-01-29,8307.77,1087.59
2018-01-30,8036.10,1091.39
2018-01-31,7141.59,1085.52
2018-02-01,7210.89,1085.12
2018-02-02,6408.89,1100.17
2018-02-03,6269.21,1118.60
2018-02-04,6498.37,1116.53
2018-02-05,5861.47,1114.13
2018-02-06,5057.56,1109.60
2018-02-07,5557.10,1102.17
2018-02-08,5503.18,1098.94
2018-02-09,5936.44,1088.91
2018-02-10,6302.91,1084.24
2018-02-11,6227.78,1096.89
2018-02-12,5890.20,1092.77
2018-02-13,6446.68,1080.82
2018-02-14,6194.57,1065.00
2018-02-15,6770.12,1078.72
2018-02-16,7186.40,1079.91
2018-02-17,7278.07,1090.87
2018-02-18,7931.12,1092.69
2018-02-19,7520.92,1102.78
2018-02-20,8028.45,1118.02
2018-02-21,8123.58,1110.74
2018-02-22,7664.39,1102.64
2018-02-23,7123.35,1101.82
2018-02-24,7366.77,1104.31
2018-02-25,7014.98,1085.12
2018-02-26,6922.56,1091.34
2018-02-27,7443.89,1091.09
2018-02-28,7687.53,1097.68
2018-03-01,7551.63,1105.77
2018-03-02,7969.65,1107.98
2018-03-03,8042.52,1109.71
2018-03-04,8329.04,1116.05
2018-03-05,8360.45,1106.32
2018-03-06,8304.52,1111.26
2018-03-07,7773.15,1108.98
2018-03-08,7158.28,1105.15
2018-03-09,6820.76,1098.61
2018-03-10,6750.84,1102.80
2018-03-11,6391.44,1118.32
2018-03-12,6931.02,1124.35
2018-03-13,6597.41,1124.81
2018-03-14,6596.03,1141.99
2018-03-15,5935.11,1143.08
2018-03-16,5972.24,1155.31
2018-03-17,5965.95,1171.44
2018-03-18,5656.69,1177.99
2018-03-19,5984.45,1184.78
2018-03-20,6146.81,1186.67
2018-03-21,6382.09,1189.40
2018-03-22,6321.65,1190.48
2018-03-23,6191.53,1199.76
2018-03-24,6298.25,1184.44
2018-03-25,6093.68,1186.83
2018-03-26,6007.68,1188.43
2018-03-27,5760.04,1180.74
2018-03-28,5528.63,1184.85
2018-03-29,5666.95,1193.16
2018-03-30,5114.06,1204.33
2018-03-31,4921.09,1226.07
2018-04-01,5000.04,1236.27
2018-04-02,4876.65,1228.97
2018-04-03,5056.79,1242.10
2018-04-04,5300.64,1246.00
2018-04-05,4861.68,1250.48
2018-04-06,4866.80,1243.45
2018-04-07,4705.49,1249.19
2018-04-08,4910.92,1249.90
2018-04-09,4999.52,1249.60
2018-04-10,4808.89,1237.01
2018-04-11,4826.14,1226.88
2018-04-12,4902.64,1238.97
2018-04-13,5548.91,1242.54
2018-04-14,5529.96,1242.06
2018-04-15,5617.51,1242.73
2018-04-16,5853.39,1252.00
2018-04-17,5629.56,1222.10
2018-04-18,5557.49,1231.50
2018-04-19,5745.56,1233.45
2018-04-20,5884.73,1235.85
2018-04-21,6318.31,1236.24
2018-04-22,6372.77,1225.15
2018-04-23,6281.26,1215.30
2018-04-24,6411.44,1207.26
2018-04-25,6932.77,1185.33
2018-04-26,6364.26,1181.40
2018-04-27,6675.74,1174.31
2018-04-28,6484.78,1177.93
2018-04-29,6780.13,1185.45
2018-04-30,6846.89,1171.37
2018-05-01,6717.59,1153.70
2018-05-02,6691.11,1171.61
2018-05-03,6804.69,1185.64
2018-05-04,7144.80,1196.90
2018-05-05,7167.34,1191.30
2018-05-06,7274.50,1172.81
2018-05-07,7128.57,1157.69
2018-05-08,6914.99,1154.78
2018-05-09,6806.18,1153.24
2018-05-10,6886.18,1141.19
2018-05-11,6696.47,1111.72
2018-05-12,6234.45,1102.52
2018-05-13,6289.14,1056.15
2018-05-14,6431.28,1070.77
2018-05-15,6420.23,1093.74
2018-05-16,6300.03,1106.85
2018-05-17,6179.44,1096.28
2018-05-18,5990.40,1084.61
2018-05-19,6126.70,1030.50
2018-05-20,6120.22,1049.79
2018-05-21,6324.08,1065.84
2018-05-22,6269.45,1079.21
2018-05-23,5979.97,1072.47
2018-05-24,5655.71,1073.66
2018-05-25,5673.52,1081.34
2018-05-26,5625.97,1109.02
2018-05-27,5532.49,1127.91
2018-05-28,5539.42,1118.10
2018-05-29,5356.07,1132.88
2018-05-30,5636.68,1139.15
2018-05-31,5576.08,1134.10
2018-06-01,5645.14,1136.69
2018-06-02,5643.79,1135.46
2018-06-03,5715.21,1127.94
2018-06-04,5783.80,1132.04
2018-06-05,5633.84,1135.77
2018-06-06,5689.32,1133.92
2018-06-07,5701.48,1132.00
2018-06-08,5728.77,1122.17
2018-06-09,5690.39,1129.98
2018-06-10,5591.25,1142.83
2018-06-11,5069.56,1144.36
2018-06-12,5165.16,1141.71
2018-06-13,4932.98,1150.11
2018-06-14,4740.83,1152.86
2018-06-15,5035.52,1147.71
2018-06-16,4859.93,1133.30
2018-06-17,4927.75,1143.64
2018-06-18,4904.01,1139.35
2018-06-19,5085.53,1128.76
2018-06-20,5140.27,1140.79
2018-06-21,5147.74,1149.16
2018-06-22,5087.88,1145.77
2018-06-23,4588.68,1156.28
2018-06-24,4644.57,1175.85
2018-06-25,4654.58,1190.04
2018-06-26,4711.13,1204.04
2018-06-27,4602.77,1201.18
2018-06-28,4690.27,1204.67
2018-06-29,4511.69,1213.80
2018-06-30,4704.54,1216.69
2018-07-01,4854.02,1210.96
2018-07-02,4830.69,1219.66
2018-07-03,5019.91,1228.29
2018-07-04,4965.79,1229.69
2018-07-05,4989.95,1229.14
2018-07-06,5021.70,1223.73
2018-07-07,5017.84,1224.01
2018-07-08,5160.12,1237.25
2018-07-09,5096.73,1240.12
2018-07-10,5085.04,1247.14
2018-07-11,4775.78,1253.41
2018-07-12,4843.84,1247.55
2018-07-13,4731.75,1235.13
2018-07-14,4721.51,1241.97
2018-07-15,4740.55,1250.67
2018-07-16,4806.45,1267.56
2018-07-17,5092.29,1256.73
2018-07-18,5583.36,1253.58
2018-07-19,5642.12,1242.92
2018-07-20,5734.89,1241.95
2018-07-21,5596.53,1233.17
2018-07-22,5646.06,1219.02
2018-07-23,5641.14,1230.92
2018-07-24,5889.12,1227.13
2018-07-25,6373.33,1225.39
2018-07-26,6195.99,1219.94
2018-07-27,6065.77,1206.00
2018-07-28,6231.64,1209.04
2018-07-29,6259.68,1223.72
2018-07-30,6271.23,1223.47
2018-07-31,6229.02,1223.10
2018-08-01,5922.43,1230.80
2018-08-02,5816.97,1245.65
2018-08-03,5810.77,1254.32
2018-08-04,5719.85,1258.24
2018-08-05,5406.44,1267.38
2018-08-06,5433.03,1259.73
2018-08-07,5376.96,1260.95
2018-08-08,5212.34,1273.06
2018-08-09,4897.14,1263.08
2018-08-10,5123.51,1253.86
2018-08-11,4845.14,1264.77
2018-08-12,4921.79,1267.75
2018-08-13,4970.50,1262.86
2018-08-14,4928.79,1275.41
2018-08-15,4892.98,1281.70
2018-08-16,4958.82,1281.98
2018-08-17,4988.91,1287.97
2018-08-18,5162.26,1294.78
2018-08-19,5036.13,1303.68
2018-08-20,5100.44,1300.92
2018-08-21,4921.17,1299.55
2018-08-22,5026.15,1275.90
2018-08-23,4937.88,1296.18
2018-08-24,5115.18,1325.15
2018-08-25,5232.79,1300.85
2018-08-26,5259.80,1320.55
2018-08-27,5219.98,1291.40
2018-08-28,5343.58,1289.72
2018-08-29,5511.12,1255.28
2018-08-30,5403.73,1274.51
2018-08-31,5360.06,1292.83
2018-09-01,5435.39,1303.03
2018-09-02,5547.09,1290.68
2018-09-03,5634.36,1280.56
2018-09-04,5645.11,1289.74
2018-09-05,5725.64,1296.18
2018-09-06,5230.87,1295.18
2018-09-07,5051.78,1289.24
2018-09-08,4998.58,1292.65
2018-09-09,4815.37,1288.02
2018-09-10,4874.73,1314.34
2018-09-11,4860.96,1316.91
2018-09-12,4854.01,1329.60
2018-09-13,4871.39,1325.23
2018-09-14,4970.18,1317.38
2018-09-15,4981.56,1335.45
2018-09-16,5002.43,1337.38
2018-09-17,4983.60,1347.70
2018-09-18,4778.90,1340.14
2018-09-19,4839.99,1340.61
2018-09-20,4870.12,1351.14
2018-09-21,4908.11,1363.44
2018-09-22,5152.28,1377.85
2018-09-23,5136.78,1393.15
2018-09-24,5126.87,1375.60
2018-09-25,5035.31,1367.41
2018-09-26,4896.10,1365.91
2018-09-27,4930.43,1359.32
2018-09-28,5108.07,1362.05
2018-09-29,5097.91,1374.98
2018-09-30,5068.45,1383.97
2018-10-01,5078.09,1376.70
2018-10-02,5055.04,1373.95
2018-10-03,5048.69,1351.11
2018-10-04,5020.80,1354.91
2018-10-05,5048.22,1360.46
2018-10-06,5048.76,1342.11
2018-10-07,5024.54,1337.48
2018-10-08,5027.95,1364.52
2018-10-09,5081.02,1370.25
2018-10-10,5046.95,1369.16
2018-10-11,4988.14,1366.34
2018-10-12,4715.32,1362.62
2018-10-13,4772.03,1346.46
2018-10-14,4779.94,1328.40
2018-10-15,4802.01,1349.81
2018-10-16,5017.96,1350.17
2018-10-17,4998.35,1339.62
2018-10-18,4993.24,1310.97
2018-10-19,4974.48,1306.21
2018-10-20,4942.57,1316.20
2018-10-21,4964.89,1322.38
2018-10-22,4964.45,1331.46
2018-10-23,4984.72,1319.74
2018-10-24,4990.04,1312.72
2018-10-25,5032.95,1323.91
2018-10-26,5045.46,1314.97
2018-10-27,5049.74,1302.48
2018-10-28,5052.58,1299.73
2018-10-29,5059.49,1289.36
2018-10-30,4950.26,1282.60
2018-10-31,4987.25,1264.35
2018-11-01,4948.62,1252.53
2018-11-02,4905.75,1263.61
2018-11-03,4923.86,1251.07
2018-11-04,4907.08,1247.11
2018-11-05,4892.85,1252.87
2018-11-06,4925.28,1274.83
2018-11-07,4933.08,1246.35
2018-11-08,4968.05,1211.28
2018-11-09,4931.42,1217.44
2018-11-10,4923.39,1199.12
2018-11-11,4942.98,1208.65
2018-11-12,4955.62,1245.83
2018-11-13,4957.82,1253.05
2018-11-14,4879.64,1263.95
2018-11-15,4416.89,1248.31
2018-11-16,4422.24,1224.35
2018-11-17,4344.71,1209.04
2018-11-18,4330.04,1221.95
2018-11-19,4380.25,1209.33
2018-11-20,3783.11,1214.10
2018-11-21,3491.75,1232.46
2018-11-22,3609.84,1221.98
2018-11-23,3386.57,1205.23
2018-11-24,3391.33,1214.64
2018-11-25,3026.89,1238.00
2018-11-26,3133.54,1224.42
2018-11-27,2938.94,1211.87
2018-11-28,2999.90,1233.25
2018-11-29,3328.89,1238.95
2018-11-30,3355.78,1263.93
2018-12-01,3155.20,1275.51
2018-12-02,3294.05,1311.70
2018-12-03,3252.55,1334.45
2018-12-04,3053.75,1321.83
2018-12-05,3112.65,1317.76
2018-12-06,2949.01,1338.80
2018-12-07,2749.05,1339.05
2018-12-08,2688.06,1343.83
2018-12-09,2728.38,1337.34
2018-12-10,2838.77,1335.56
2018-12-11,2784.55,1347.53
2018-12-12,2738.69,1343.32
2018-12-13,2760.97,1342.17
2018-12-14,2617.58,1373.15
2018-12-15,2576.85,1376.18
2018-12-16,2570.72,1377.73
2018-12-17,2584.94,1388.00
2018-12-18,2810.02,1411.65
2018-12-19,2929.25,1412.49
2018-12-20,2963.89,1355.80
2018-12-21,3263.21,1407.07
2018-12-22,3085.39,1397.49
2018-12-23,3183.42,1387.46
2018-12-24,3162.23,1385.74
2018-12-25,3210.38,1390.13
2018-12-26,3010.68,1410.69
2018-12-27,3047.62,1410.31
2018-12-28,2888.93,1401.14
2018-12-29,3096.70,1404.53
2018-12-30,3009.99,1411.71
2018-12-31,3047.02,1423.74
2019-01-01,2940.80,1429.64
2019-01-02,3018.13,1433.47
2019-01-03,3140.12,1433.36
2019-01-04,3034.44,1447.45
2019-01-05,3026.26,1444.84
2019-01-06,3015.50,1443.93
2019-01-07,3203.17,1453.88
2019-01-08,3151.18,1442.50
2019-01-09,3165.18,1441.29
2019-01-10,3152.14,1439.47
2019-01-11,2880.88,1442.65
2019-01-12,2870.35,1443.24
2019-01-13,2849.16,1464.07
2019-01-14,2768.66,1472.61
2019-01-15,2877.21,1471.45
2019-01-16,2821.34,1491.84
2019-01-17,2834.09,1485.67
2019-01-18,2832.88,1489.71
2019-01-19,2836.36,1506.97
2019-01-20,2893.11,1534.57
2019-01-21,2800.24,1561.41
2019-01-22,2773.44,1581.25
2019-01-23,2782.92,1559.50
2019-01-24,2740.13,1548.10
2019-01-25,2749.25,1539.00
2019-01-26,2728.10,1571.33
2019-01-27,2730.06,1565.87
2019-01-28,2713.70,1571.69
2019-01-29,2636.02,1573.09
2019-01-30,2633.27,1560.47
2019-01-31,2657.17,1573.13
2019-02-01,2639.86,1591.56
2019-02-02,2663.13,1594.67
2019-02-03,2687.21,1593.09
2019-02-04,2651.58,1610.21
2019-02-05,2651.74,1623.24
2019-02-06,2677.53,1637.14
2019-02-07,2640.68,1612.37
2019-02-08,2626.85,1599.16
2019-02-09,2837.18,1592.65
2019-02-10,2837.77,1594.25
2019-02-11,2856.78,1587.12
2019-02-12,2831.95,1583.27
2019-02-13,2834.16,1563.45
2019-02-14,2824.77,1579.38
2019-02-15,2826.61,1603.29
2019-02-16,2804.04,1626.88
2019-02-17,2818.76,1581.68
2019-02-18,2845.00,1601.11
2019-02-19,3026.85,1596.04
2019-02-20,3021.94,1593.73
2019-02-21,3066.50,1586.10
2019-02-22,3030.66,1580.00
2019-02-23,3063.60,1595.07
2019-02-24,3175.99,1619.96
2019-02-25,2914.11,1618.00
2019-02-26,2954.88,1633.01
2019-02-27,2909.77,1641.72
2019-02-28,2889.52,1646.59
2019-03-01,2905.33,1655.67
2019-03-02,2918.26,1635.31
2019-03-03,2923.91,1642.98
2019-03-04,2904.69,1649.76
2019-03-05,2852.89,1643.79
2019-03-06,2962.66,1673.66
2019-03-07,2961.32,1671.57
2019-03-08,2989.26,1668.87
2019-03-09,2992.57,1684.31
2019-03-10,3046.93,1691.98
2019-03-11,3044.21,1700.69
2019-03-12,2947.12,1685.78
2019-03-13,2995.44,1686.00
2019-03-14,2939.34,1685.30
2019-03-15,2961.81,1691.18
2019-03-16,2978.47,1690.79
2019-03-17,3041.46,1693.34
2019-03-18,3030.73,1718.17
2019-03-19,3040.34,1722.39
2019-03-20,3068.16,1725.85
2019-03-21,3092.85,1739.91
2019-03-22,3067.99,1734.99
2019-03-23,3044.29,1739.20
2019-03-24,3054.40,1744.88
2019-03-25,3047.20,1744.83
2019-03-26,3003.91,1715.30
2019-03-27,3016.01,1730.85
2019-03-28,3107.48,1699.66
2019-03-29,3116.53,1675.16
2019-03-30,3137.44,1699.76
2019-03-31,3147.39,1716.49
2019-04-01,3152.59,1708.08
2019-04-02,3181.02,1686.07
2019-04-03,3717.52,1650.92
2019-04-04,3773.10,1484.72
2019-04-05,3765.38,1614.59
2019-04-06,3863.47,1572.89
2019-04-07,3883.42,1594.12
2019-04-08,3988.40,1609.62
2019-04-09,4049.96,1627.24
2019-04-10,3985.95,1639.94
2019-04-11,4065.63,1638.14
2019-04-12,3877.13,1597.27
2019-04-13,3891.44,1609.77
2019-04-14,3896.73,1594.45
2019-04-15,3949.53,1584.86
2019-04-16,3867.70,1554.79
2019-04-17,4014.27,1565.68
2019-04-18,4027.69,1601.95
2019-04-19,4077.76,1614.67
2019-04-20,4081.39,1596.29
2019-04-21,4105.80,1607.66
2019-04-22,4088.73,1636.58
2019-04-23,4159.42,1612.94
2019-04-24,4306.50,1593.30
2019-04-25,4236.59,1593.57
2019-04-26,4040.56,1595.84
2019-04-27,4086.50,1608.56
2019-04-28,4081.23,1625.48
2019-04-29,4090.45,1603.99
2019-04-30,4057.99,1621.72
2019-05-01,4103.66,1608.03
2019-05-02,4138.83,1639.39
2019-05-03,4224.48,1636.97
2019-05-04,4379.57,1611.88
2019-05-05,4426.53,1577.55
2019-05-06,4404.18,1564.06
2019-05-07,4386.76,1540.41
2019-05-08,4476.08,1541.25
2019-05-09,4597.97,1563.53
2019-05-10,4747.30,1548.67
2019-05-11,4907.88,1506.86
2019-05-12,5541.66,1533.46
2019-05-13,5359.15,1531.60
2019-05-14,6023.56,1516.66
2019-05-15,6190.17,1501.15
2019-05-16,6378.52,1521.79
2019-05-17,6162.99,1539.55
2019-05-18,5772.20,1565.87
2019-05-19,5714.25,1574.10
2019-05-20,6438.96,1585.77
2019-05-21,6267.88,1588.07
2019-05-22,6261.40,1574.01
2019-05-23,6062.62,1555.91
2019-05-24,6224.15,1555.54
2019-05-25,6285.90,1482.01
2019-05-26,6336.18,1519.62
2019-05-27,6816.84,1549.80
2019-05-28,6941.95,1545.82
2019-05-29,6888.36,1557.69
2019-05-30,6858.63,1567.80
2019-05-31,6599.21,1583.40
2019-06-01,6783.62,1577.88
2019-06-02,6777.00,1582.52
2019-06-03,6917.97,1578.33
2019-06-04,6483.96,1562.23
2019-06-05,6065.85,1586.49
2019-06-06,6163.15,1609.08
2019-06-07,6164.51,1624.53
2019-06-08,6309.79,1640.06
2019-06-09,6241.41,1654.23
2019-06-10,6046.44,1663.46
2019-06-11,6307.26,1692.22
2019-06-12,6229.39,1675.51
2019-06-13,6417.35,1699.92
2019-06-14,6491.60,1692.29
2019-06-15,6901.57,1708.99
2019-06-16,7023.15,1702.89
2019-06-17,7139.00,1709.40
2019-06-18,7443.94,1721.02
2019-06-19,7224.68,1702.79
2019-06-20,7329.03,1723.90
2019-06-21,7495.60,1731.84
2019-06-22,7986.12,1744.21
2019-06-23,8394.82,1755.75
2019-06-24,8513.08,1746.84
2019-06-25,8640.54,1766.71
2019-06-26,9282.52,1778.02
2019-06-27,10253.90,1778.72
2019-06-28,8808.07,1748.96
2019-06-29,9768.21,1750.48
2019-06-30,9398.95,1714.59
2019-07-01,8505.82,1722.59
2019-07-02,8374.11,1747.94
2019-07-03,8587.88,1741.58
2019-07-04,9516.26,1756.03
2019-07-05,8904.38,1763.71
2019-07-06,8771.26,1775.01
2019-07-07,8958.33,1779.41
2019-07-08,9138.72,1787.94
2019-07-09,9814.89,1772.74
2019-07-10,10091.15,1789.55
2019-07-11,9705.94,1803.28
2019-07-12,9066.67,1784.95
2019-07-13,9396.40,1796.84
2019-07-14,9052.69,1837.62
2019-07-15,8159.08,1822.24
2019-07-16,8705.04,1837.11
2019-07-17,7631.43,1823.79
2019-07-18,7800.39,1823.48
2019-07-19,8495.38,1838.15
2019-07-20,8419.60,1847.96
2019-07-21,8620.64,1857.35
2019-07-22,8468.75,1859.24
2019-07-23,8295.98,1823.54
2019-07-24,7950.21,1801.11
2019-07-25,7856.99,1814.51
2019-07-26,7960.39,1824.07
2019-07-27,7971.51,1825.40
2019-07-28,7665.01,1852.89
2019-07-29,7715.00,1857.27
2019-07-30,7794.97,1854.50
2019-07-31,7897.24,1869.01
2019-08-01,8291.94,1894.99
2019-08-02,8578.72,1907.46
2019-08-03,8650.00,1913.14
2019-08-04,8898.63,1878.57
2019-08-05,9021.92,1868.96
2019-08-06,9715.31,1842.49
2019-08-07,9430.86,1837.17
2019-08-08,9845.93,1868.12
2019-08-09,9843.78,1871.81
2019-08-10,9853.40,1880.12
2019-08-11,9428.23,1876.26
2019-08-12,9582.23,1872.59
2019-08-13,9426.39,1858.41
2019-08-14,9026.73,1832.17
2019-08-15,8324.04,1870.01
2019-08-16,8536.22,1847.44
2019-08-17,8525.69,1869.85
2019-08-18,8422.22,1857.77
2019-08-19,8512.60,1869.36
2019-08-20,9000.84,1838.53
2019-08-21,8850.51,1840.62
2019-08-22,8360.83,1850.16
2019-08-23,8273.98,1834.49
2019-08-24,8476.66,1810.82
2019-08-25,8276.23,1813.53
2019-08-26,8259.15,1759.63
2019-08-27,8486.01,1782.75
2019-08-28,8307.06,1800.33
2019-08-29,7986.01,1770.37
2019-08-30,7809.48,1757.92
2019-08-31,7893.35,1771.19
2019-09-01,7920.54,1753.33
2019-09-02,8025.19,1772.90
2019-09-03,8575.17,1783.47
2019-09-04,8785.10,1787.66
2019-09-05,8646.14,1791.25
2019-09-06,8583.26,1776.61
2019-09-07,8429.14,1748.46
2019-09-08,8562.06,1726.57
2019-09-09,8501.69,1728.74
2019-09-10,8372.49,1762.19
2019-09-11,8194.13,1776.35
2019-09-12,8251.10,1783.63
2019-09-13,8447.36,1782.56
2019-09-14,8273.01,1813.24
2019-09-15,8281.19,1858.36
2019-09-16,8280.53,1886.33
2019-09-17,8274.02,1865.35
2019-09-18,8197.31,1880.59
2019-09-19,8179.37,1882.73
2019-09-20,8196.97,1904.24
2019-09-21,8164.99,1908.75
2019-09-22,8037.08,1898.63
2019-09-23,8073.87,1912.26
2019-09-24,7825.23,1909.41
2019-09-25,6890.82,1935.55
2019-09-26,6867.66,1938.96
2019-09-27,6580.90,1948.32
2019-09-28,6713.81,1972.69
2019-09-29,6709.39,1974.56
2019-09-30,6592.57,2000.90
2019-10-01,6753.66,2005.58
2019-10-02,6788.65,2013.48
2019-10-03,6819.83,2018.46
2019-10-04,6692.45,1969.10
2019-10-05,6657.04,1970.83
2019-10-06,6607.11,1947.86
2019-10-07,6477.47,1916.31
2019-10-08,6711.46,1931.83
2019-10-09,6735.34,1908.27
2019-10-10,7029.63,1897.03
2019-10-11,6904.35,1920.09
2019-10-12,6576.24,1869.72
2019-10-13,6593.03,1863.77
2019-10-14,6594.45,1790.15
2019-10-15,6639.93,1777.88
2019-10-16,6430.26,1842.48
2019-10-17,6277.54,1847.21
2019-10-18,6295.51,1801.67
2019-10-19,6142.71,1809.67
2019-10-20,6161.20,1820.53
2019-10-21,6376.27,1815.74
2019-10-22,6354.96,1784.91
2019-10-23,6268.52,1826.88
2019-10-24,5812.69,1872.38
2019-10-25,5835.24,1835.12
2019-10-26,6759.13,1816.48
2019-10-27,7204.89,1803.77
2019-10-28,7457.01,1807.12
2019-10-29,7194.36,1776.91
2019-10-30,7324.49,1742.13
2019-10-31,7132.77,1690.07
2019-11-01,7105.25,1646.75
2019-11-02,7155.03,1509.01
2019-11-03,7205.06,1590.02
2019-11-04,7139.20,1572.44
2019-11-05,7302.51,1586.33
2019-11-06,7252.23,1566.52
2019-11-07,7273.83,1658.50
2019-11-08,7227.20,1624.54
2019-11-09,6895.87,1599.80
2019-11-10,6898.23,1660.31
2019-11-11,7078.75,1658.65
2019-11-12,6815.57,1684.03
2019-11-13,6856.55,1646.19
2019-11-14,6855.85,1658.08
2019-11-15,6758.56,1630.11
2019-11-16,6580.52,1693.53
2019-11-17,6625.70,1711.67
2019-11-18,6636.03,1753.19
2019-11-19,6413.72,1705.49
2019-11-20,6345.62,1757.90
2019-11-21,6207.35,1745.40
2019-11-22,5916.56,1716.71
2019-11-23,5684.59,1663.30
2019-11-24,5764.42,1609.45
2019-11-25,5478.58,1591.17
2019-11-26,5539.98,1570.50
2019-11-27,5614.20,1504.58
2019-11-28,5828.98,1420.94
2019-11-29,5782.78,1447.34
2019-11-30,6005.85,1528.49
2019-12-01,5856.99,1541.13
2019-12-02,5749.63,1502.18
2019-12-03,5660.44,1541.80
2019-12-04,5631.73,1625.24
2019-12-05,5532.77,1618.14
2019-12-06,5661.95,1661.83
2019-12-07,5745.48,1657.75
2019-12-08,5748.58,1672.03
2019-12-09,5754.93,1699.19
2019-12-10,5627.25,1706.18
2019-12-11,5543.00,1740.84
2019-12-12,5467.52,1710.28
2019-12-13,5377.18,1734.96
2019-12-14,5452.13,1768.70
2019-12-15,5343.63,1783.71
2019-12-16,5357.42,1798.28
2019-12-17,5223.80,1807.88
2019-12-18,5066.07,1812.69
2019-12-19,5561.86,1834.80
2019-12-20,5537.44,1857.65
2019-12-21,5552.38,1859.23
2019-12-22,5529.77,1888.22
2019-12-23,5774.23,1853.24
2019-12-24,5682.33,1843.67
2019-12-25,5664.83,1868.44
2019-12-26,5608.30,1857.60
2019-12-27,5569.05,1878.26
2019-12-28,5572.65,1904.00
2019-12-29,5594.53,1935.65
2019-12-30,5667.97,1937.82
2019-12-31,5562.92,1972.91
2020-01-01,5425.67,1973.64
2020-01-02,5435.64,1994.91
2020-01-03,5312.57,2023.66
2020-01-04,5615.52,1928.51
2020-01-05,5665.27,1995.96
2020-01-06,5666.14,1995.29
2020-01-07,5898.11,1984.39
2020-01-08,6224.49,2009.98
2020-01-09,6167.50,2042.60
2020-01-10,6027.69,2045.16
2020-01-11,6247.37,2051.59
2020-01-12,6148.92,2012.87
2020-01-13,6278.54,2013.43
2020-01-14,6268.25,1984.91
2020-01-15,6777.25,2023.32
2020-01-16,6758.00,2014.78
2020-01-17,6671.93,2057.77
2020-01-18,6858.91,2107.24
2020-01-19,6869.85,2144.22
2020-01-20,6692.07,2149.28
2020-01-21,6658.66,2171.30
2020-01-22,6702.96,2178.24
2020-01-23,6604.70,2184.43
2020-01-24,6406.68,2181.34
2020-01-25,6455.58,2169.38
2020-01-26,6397.67,2207.54
2020-01-27,6582.29,2207.75
2020-01-28,6825.34,2286.13
2020-01-29,7184.89,2293.27
2020-01-30,7154.04,2363.80
2020-01-31,7266.41,2373.97
2020-02-01,7078.11,2395.90
2020-02-02,7111.02,2222.28
2020-02-03,7089.41,2337.31
2020-02-04,7150.54,2292.30
2020-02-05,7047.57,2390.93
2020-02-06,7401.17,2451.43
2020-02-07,7522.44,2403.52
2020-02-08,7599.19,2309.34
2020-02-09,7654.15,2363.48
2020-02-10,7846.69,2388.97
2020-02-11,7630.39,2455.25
2020-02-12,7874.73,2442.52
2020-02-13,7968.51,2486.28
2020-02-14,7827.19,2522.38
2020-02-15,7905.10,2512.12
2020-02-16,7579.60,2453.23
2020-02-17,7613.23,2496.49
2020-02-18,7451.27,2419.93
2020-02-19,7803.26,2405.31
2020-02-20,7448.72,2403.95
2020-02-21,7461.12,2304.25
2020-02-22,7474.51,2339.02
2020-02-23,7455.69,2375.99
2020-02-24,7659.69,2361.22
2020-02-25,7467.12,2277.58
2020-02-26,7181.82,2269.03
2020-02-27,6838.21,2276.61
2020-02-28,6818.78,2293.33
2020-02-29,6763.03,2360.68
2020-03-01,6707.30,2389.75
2020-03-02,6700.25,2329.39
2020-03-03,6943.58,2320.49
2020-03-04,6855.39,2286.83
2020-03-05,6805.64,2303.62
2020-03-06,7010.09,2274.04
2020-03-07,6990.61,2286.29
2020-03-08,6826.73,2329.58
2020-03-09,6193.85,2357.32
2020-03-10,6060.15,2396.52
2020-03-11,6127.50,2407.10
2020-03-12,6174.35,2419.12
2020-03-13,3992.34,2411.48
2020-03-14,4542.04,2392.54
2020-03-15,4238.85,2437.98
2020-03-16,4345.89,2440.22
2020-03-17,4078.10,2425.36
2020-03-18,4312.48,2480.39
2020-03-19,4512.93,2428.39
2020-03-20,5390.42,2388.04
2020-03-21,5327.49,2326.63
2020-03-22,5309.49,2399.72
2020-03-23,5018.35,2425.05
2020-03-24,5552.70,2442.59
2020-03-25,5715.35,2492.17
2020-03-26,5636.19,2508.34
2020-03-27,5507.58,2493.07
2020-03-28,5192.49,2523.98
2020-03-29,5014.55,2555.48
2020-03-30,4759.10,2594.78
2020-03-31,5200.48,2553.45
2020-04-01,5188.71,2574.98
2020-04-02,5335.96,2530.99
2020-04-03,5485.33,2626.85
2020-04-04,5493.10,2621.52
2020-04-05,5594.31,2535.19
2020-04-06,5555.48,2528.51
2020-04-07,5939.89,2501.71
2020-04-08,5817.57,2355.26
2020-04-09,5921.58,2428.89
2020-04-10,5864.85,2551.13
2020-04-11,5516.46,2563.87
2020-04-12,5509.81,2617.09
2020-04-13,5590.42,2671.57
2020-04-14,5463.96,2601.13
2020-04-15,5422.07,2544.93
2020-04-16,5303.30,2565.87
2020-04-17,5699.26,2546.33
2020-04-18,5669.52,2535.81
2020-04-19,5804.32,2498.15
2020-04-20,5755.68,2532.41
2020-04-21,5529.19,2499.53
2020-04-22,5593.67,2516.84
2020-04-23,5779.41,2553.02
2020-04-24,6018.79,2584.57
2020-04-25,6106.33,2621.74
2020-04-26,6122.23,2549.33
2020-04-27,6210.05,2517.26
2020-04-28,6276.59,2569.59
2020-04-29,6278.31,2568.44
2020-04-30,7054.33,2585.46
2020-05-01,6894.16,2551.42
2020-05-02,7094.11,2529.30
2020-05-03,7185.74,2454.63
2020-05-04,7144.17,2407.86
2020-05-05,7161.66,2421.10
2020-05-06,7239.72,2427.83
2020-05-07,7514.72,2467.51
2020-05-08,8027.43,2411.32
2020-05-09,7932.38,2440.75
2020-05-10,7731.08,2419.46
2020-05-11,7051.93,2490.83
2020-05-12,6983.02,2526.11
2020-05-13,7186.11,2495.12
2020-05-14,7574.78,2504.24
2020-05-15,7957.99,2495.59
2020-05-16,7711.07,2453.23
2020-05-17,7745.51,2403.47
2020-05-18,8007.02,2465.01
2020-05-19,7974.37,2500.35
2020-05-20,7935.48,2524.81
2020-05-21,7781.54,2578.20
2020-05-22,7429.23,2618.34
2020-05-23,7549.75,2569.40
2020-05-24,7572.12,2596.71
2020-05-25,7209.83,2573.00
2020-05-26,7302.44,2568.47
2020-05-27,7165.64,2602.98
2020-05-28,7488.59,2639.79
2020-05-29,7733.55,2692.96
2020-05-30,7646.87,2712.90
2020-05-31,7858.47,2760.01
2020-06-01,7665.09,2742.33
2020-06-02,8140.47,2744.48
2020-06-03,7578.68,2785.34
2020-06-04,7679.15,2805.08
2020-06-05,7771.81,2768.82
2020-06-06,7630.89,2796.62
2020-06-07,7621.49,2828.61
2020-06-08,7667.02,2851.52
2020-06-09,7673.81,2874.61
2020-06-10,7704.11,2806.37
2020-06-11,7764.21,2742.83
2020-06-12,7411.66,2749.05
2020-06-13,7557.68,2700.86
2020-06-14,7555.15,2656.30
2020-06-15,7504.27,2658.26
2020-06-16,7481.27,2684.04
2020-06-17,7575.40,2663.96
2020-06-18,7554.24,2657.83
2020-06-19,7572.77,2638.31
2020-06-20,7523.75,2647.81
2020-06-21,7556.11,2590.20
2020-06-22,7531.42,2539.24
2020-06-23,7714.79,2552.03
2020-06-24,7691.32,2562.05
2020-06-25,7504.31,2513.14
2020-06-26,7454.30,2532.54
2020-06-27,7432.36,2567.21
2020-06-28,7333.52,2590.17
2020-06-29,7405.33,2644.67
2020-06-30,7462.33,2674.47
2020-07-01,7383.54,2671.13
2020-07-02,7406.00,2637.74
2020-07-03,7319.20,2635.05
2020-07-04,7277.13,2670.70
2020-07-05,7310.25,2708.80
2020-07-06,7272.56,2772.82
2020-07-07,7482.30,2808.42
2020-07-08,7378.22,2792.47
2020-07-09,7475.04,2763.83
2020-07-10,7356.89,2717.26
2020-07-11,7349.87,2752.33
2020-07-12,7321.10,2716.15
2020-07-13,7346.63,2793.66
2020-07-14,7360.23,2840.12
2020-07-15,7353.64,2824.02
2020-07-16,7301.02,2826.60
2020-07-17,7271.21,2880.73
2020-07-18,7280.76,2879.78
2020-07-19,7287.81,2843.53
2020-07-20,7307.68,2887.23
2020-07-21,7236.17,2820.84
2020-07-22,7363.52,2825.86
2020-07-23,7484.24,2877.53
2020-07-24,7530.46,2863.56
2020-07-25,7457.67,2832.10
2020-07-26,7567.71,2879.90
2020-07-27,7739.84,2728.23
2020-07-28,8549.10,2781.42
2020-07-29,8444.04,2752.24
2020-07-30,8549.74,2756.25
2020-07-31,8468.06,2744.35
2020-08-01,8652.92,2729.04
2020-08-02,8986.20,2751.54
2020-08-03,8431.81,2795.97
2020-08-04,8598.67,2822.60
2020-08-05,8561.56,2874.75
2020-08-06,8950.92,2861.72
2020-08-07,8966.01,2890.73
2020-08-08,8892.37,2921.41
2020-08-09,8994.13,2834.94
2020-08-10,8935.38,2816.02
2020-08-11,9086.57,2748.10
2020-08-12,8737.89,2726.30
2020-08-13,8882.70,2725.57
2020-08-14,9007.98,2745.62
2020-08-15,8993.00,2727.74
2020-08-16,9067.88,2827.23
2020-08-17,9076.51,2813.29
2020-08-18,9348.26,2851.99
2020-08-19,9046.81,2811.94
2020-08-20,8971.48,2832.81
2020-08-21,8984.72,2919.37
2020-08-22,8851.99,2970.93
2020-08-23,8922.95,2984.43
2020-08-24,8908.03,3021.53
2020-08-25,9007.61,3067.08
2020-08-26,8642.75,3100.13
2020-08-27,8689.33,3072.04
2020-08-28,8580.12,3172.99
2020-08-29,8644.31,3126.09
2020-08-30,8620.08,3186.41
2020-08-31,8769.23,3220.98
2020-09-01,8739.76,3230.26
2020-09-02,8929.69,3242.92
2020-09-03,8545.96,3308.88
2020-09-04,7713.74,3301.49
2020-09-05,7916.66,3351.75
2020-09-06,7656.62,3399.06
2020-09-07,7762.29,3408.68
2020-09-08,7878.96,3351.66
2020-09-09,7815.64,3455.14
2020-09-10,7879.32,3458.13
2020-09-11,8095.83,3424.61
2020-09-12,8135.88,3341.10
2020-09-13,8169.12,3371.85
2020-09-14,8066.80,3507.30
2020-09-15,8310.19,3531.24
2020-09-16,8383.11,3573.30
2020-09-17,8467.26,3588.82
2020-09-18,8440.09,3643.57
2020-09-19,8464.96,3633.55
2020-09-20,8590.47,3624.67
2020-09-21,8455.06,3669.21
2020-09-22,8159.32,3546.73
2020-09-23,8267.89,3669.23
2020-09-24,8061.08,3792.23
2020-09-25,8436.53,3782.06
2020-09-26,8391.98,3798.25
2020-09-27,8432.25,3935.49
2020-09-28,8442.86,3966.46
2020-09-29,8319.00,4001.90
2020-09-30,8429.10,3977.88
2020-10-01,8357.77,3990.54
2020-10-02,8241.36,4079.03
2020-10-03,8175.25,4056.99
2020-10-04,8157.45,4186.19
2020-10-05,8257.60,4020.00
2020-10-06,8309.44,3854.35
2020-10-07,8230.03,3834.44
2020-10-08,8260.38,3711.09
2020-10-09,8445.29,4002.23
2020-10-10,8477.50,4031.38
2020-10-11,8657.00,3950.95
2020-10-12,8742.95,3915.14
2020-10-13,8839.64,4045.72
2020-10-14,8835.91,4059.65
2020-10-15,8781.52,4116.27
2020-10-16,8915.27,4205.06
2020-10-17,8766.65,4236.65
2020-10-18,8792.87,4290.38
2020-10-19,8892.85,4124.75
2020-10-20,9071.90,4174.72
2020-10-21,9195.10,4120.50
2020-10-22,9750.39,4010.14
2020-10-23,9918.60,3873.84
2020-10-24,9914.38,3961.07
2020-10-25,10047.96,4059.03
2020-10-26,9983.33,4134.65
2020-10-27,10046.04,4242.15
2020-10-28,10478.13,4274.03
2020-10-29,10217.21,4370.01
2020-10-30,10391.86,4460.18
2020-10-31,10462.26,4390.16
2020-11-01,10645.80,4489.33
2020-11-02,10627.46,4434.38
2020-11-03,10486.42,4415.52
2020-11-04,10633.10,4427.19
2020-11-05,10900.71,4483.01
2020-11-06,11857.12,4563.72
2020-11-07,11832.67,4432.83
2020-11-08,11273.99,4406.88
2020-11-09,11744.79,4583.89
2020-11-10,11644.48,4618.83
2020-11-11,11530.87,4575.07
2020-11-12,11872.77,4646.64
2020-11-13,12404.78,4732.82
2020-11-14,12366.66,4816.81
2020-11-15,12177.45,4846.01
2020-11-16,12069.28,4935.65
2020-11-17,12620.16,4991.97
2020-11-18,13310.38,4920.86
2020-11-19,13431.06,4913.08
2020-11-20,13449.53,5060.34
2020-11-21,14015.91,4879.03
2020-11-22,14031.65,4997.31
2020-11-23,13808.48,4758.44
2020-11-24,13780.91,4658.44
2020-11-25,14296.63,4702.03
2020-11-26,13995.87,4812.14
2020-11-27,12845.52,4589.52
2020-11-28,12860.58,4750.54
2020-11-29,13316.52,4874.17
2020-11-30,13635.92,4986.54
2020-12-01,14721.36,4994.42
2020-12-02,14009.18,4939.05
2020-12-03,14366.46,4860.02
2020-12-04,14456.56,4540.44
2020-12-05,13913.00,4550.21
2020-12-06,14252.15,4494.89
2020-12-07,14419.30,4283.45
2020-12-08,14369.98,4025.90
2020-12-09,13708.00,4266.80
2020-12-10,13881.38,4354.13
2020-12-11,13729.43,4475.20
2020-12-12,13647.32,4094.61
2020-12-13,14220.08,4050.32
2020-12-14,14376.14,3839.56
2020-12-15,14443.52,3597.44
2020-12-16,14441.00,3232.94
2020-12-17,15781.77,3596.15
2020-12-18,16808.11,3832.65
2020-12-19,17108.21,3735.08
2020-12-20,17645.97,3466.69
2020-12-21,17514.13,3592.73
2020-12-22,16950.63,3728.99
2020-12-23,17745.37,3519.13
2020-12-24,17198.82,3830.61
2020-12-25,17502.32,3930.18
2020-12-26,18172.11,3927.92
2020-12-27,19469.90,3755.30
2020-12-28,19366.99,3723.27
2020-12-29,20113.28,3694.28
2020-12-30,20270.21,3758.46
2020-12-31,21162.39,3704.85
2021-01-01,21206.86,3525.02
2021-01-02,21485.00,3450.06
2021-01-03,23498.42,3546.24
2021-01-04,23982.24,3533.21
2021-01-05,23562.76,3674.89
2021-01-06,24959.46,3649.54
2021-01-07,27035.84,3660.24
2021-01-08,29023.02,3480.63
2021-01-09,30071.30,3390.95
2021-01-10,29674.00,3346.66
2021-01-11,28365.77,3155.14
2021-01-12,26263.04,3308.51
2021-01-13,24815.32,3215.28
2021-01-14,27349.11,3286.54
2021-01-15,28617.99,3428.25
2021-01-16,27106.55,3471.95
2021-01-17,26613.41,3728.95
2021-01-18,26374.40,3773.24
2021-01-19,26977.07,3825.98
2021-01-20,26421.45,3766.55
2021-01-21,26012.17,3886.04
2021-01-22,22447.74,3892.75
2021-01-23,24109.59,3892.05
2021-01-24,23436.14,3743.91
2021-01-25,23591.01,3875.04
2021-01-26,23659.81,3802.19
2021-01-27,23700.17,3877.07
2021-01-28,22267.41,3818.65
2021-01-29,25005.17,4003.09
2021-01-30,25010.72,3965.37
2021-01-31,25008.87,4073.73
2021-02-01,24175.83,3950.05
2021-02-02,24520.21,3884.65
2021-02-03,25997.79,3904.40
2021-02-04,27454.07,3877.77
2021-02-05,27011.92,3900.29
2021-02-06,27764.29,3889.51
2021-02-07,28573.67,3950.59
2021-02-08,28305.41,3949.76
2021-02-09,33599.72,3872.91
2021-02-10,33635.74,3978.38
2021-02-11,32462.49,3993.62
2021-02-12,34664.70,3970.42
2021-02-13,34305.27,4024.59
2021-02-14,34037.36,4128.81
2021-02-15,35109.28,4221.80
2021-02-16,34455.24,4243.55
2021-02-17,35438.69,4233.49
2021-02-18,37603.60,4154.37
2021-02-19,36998.09,4106.63
2021-02-20,39903.89,4154.00
2021-02-21,40010.42,4109.65
2021-02-22,41013.65,4015.41
2021-02-23,38531.41,3998.03
2021-02-24,34587.70,3938.14
2021-02-25,35138.80,3855.10
2021-02-26,33692.70,3692.43
2021-02-27,33267.81,3760.95
2021-02-28,33173.45,3684.12
2021-03-01,32316.46,3554.68
2021-03-02,35617.97,3812.31
2021-03-03,34695.74,3819.38
2021-03-04,36291.48,3850.87
2021-03-05,34927.48,3915.26
2021-03-06,35343.78,3843.58
2021-03-07,35357.84,3741.62
2021-03-08,36946.48,3804.69
2021-03-09,37818.34,3846.83
2021-03-10,39477.62,3878.58
2021-03-11,40173.79,3858.88
2021-03-12,41337.49,3958.70
2021-03-13,41195.30,3966.23
2021-03-14,43981.08,3970.16
2021-03-15,42547.20,3935.51
2021-03-16,40178.34,4020.99
2021-03-17,40876.41,4049.84
2021-03-18,42140.47,4049.18
2021-03-19,41549.80,4074.21
2021-03-20,42047.59,4076.50
2021-03-21,42040.34,4127.19
2021-03-22,41578.59,4252.15
2021-03-23,39331.64,4205.94
2021-03-24,39842.70,4136.84
2021-03-25,38521.95,4047.02
2021-03-26,37590.40,4081.96
2021-03-27,40002.47,3961.16
2021-03-28,40588.05,3925.42
2021-03-29,40573.53,3794.92
2021-03-30,41926.60,3963.10
2021-03-31,42871.25,3905.09
2021-04-01,42744.39,3838.63
2021-04-02,42719.63,3766.04
2021-04-03,42946.70,3863.08
2021-04-04,41650.60,3864.60
2021-04-05,42486.11,3616.16
2021-04-06,42531.07,3852.53
2021-04-07,42066.58,3762.65
2021-04-08,40825.09,3740.62
2021-04-09,42469.03,3638.94
2021-04-10,42494.62,3749.27
2021-04-11,43662.67,3714.48
2021-04-12,43900.28,3624.93
2021-04-13,43545.07,3440.60
2021-04-14,46168.75,3499.96
2021-04-15,45783.13,3477.70
2021-04-16,45892.34,3352.15
2021-04-17,44483.05,3326.89
2021-04-18,43880.36,3152.33
2021-04-19,40666.02,3241.26
2021-04-20,39796.72,3054.55
2021-04-21,40515.72,3315.48
2021-04-22,38659.71,3335.40
2021-04-23,37387.50,3106.95
2021-04-24,36850.13,3330.25
2021-04-25,36064.77,3402.96
2021-04-26,35397.06,3483.38
2021-04-27,38885.66,3495.45
2021-04-28,39585.87,3347.24
2021-04-29,39311.86,3245.40
2021-04-30,38395.34,3320.69
2021-05-01,41772.26,3243.88
2021-05-02,41851.06,3223.44
2021-05-03,40973.66,3316.51
2021-05-04,41151.24,3387.28
2021-05-05,38345.39,3447.32
2021-05-06,41297.95,3469.35
2021-05-07,40598.92,3399.28
2021-05-08,41001.26,3426.29
2021-05-09,42100.39,3174.90
2021-05-10,41487.73,3122.11
2021-05-11,39520.41,2956.09
2021-05-12,40121.50,3069.81
2021-05-13,35367.96,3137.61
2021-05-14,35371.00,3121.80
2021-05-15,35355.77,3044.45
2021-05-16,33129.80,2943.11
2021-05-17,32916.76,2892.03
2021-05-18,30740.01,2828.14
2021-05-19,30269.42,2823.48
2021-05-20,26053.13,2979.93
2021-05-21,28619.55,2873.73
2021-05-22,26406.78,2748.18
2021-05-23,26523.06,2599.04
2021-05-24,24540.58,2644.09
2021-05-25,27407.43,2662.56
2021-05-26,27147.00,2702.72
2021-05-27,27854.64,2878.87
2021-05-28,27113.84,2748.29
2021-05-29,25148.30,2857.93
2021-05-30,24389.46,2936.60
2021-05-31,25147.12,2994.06
2021-06-01,26213.17,2996.57
2021-06-02,25926.40,2820.48
2021-06-03,26531.99,2688.66
2021-06-04,27815.47,2698.72
2021-06-05,26044.03,2617.06
2021-06-06,25096.65,2410.96
2021-06-07,25298.69,2310.21
2021-06-08,23695.32,2397.67
2021-06-09,23617.62,2518.29
2021-06-10,26496.08,2471.33
2021-06-11,25897.46,2517.90
2021-06-12,26468.30,2552.68
2021-06-13,25203.47,2474.16
2021-06-14,27636.46,2254.56
2021-06-15,28651.54,2593.96
2021-06-16,28527.56,2573.11
2021-06-17,27408.06,2388.72
2021-06-18,27335.00,2424.69
2021-06-19,25959.90,2392.71
2021-06-20,25748.92,2495.59
2021-06-21,25797.13,2639.56
2021-06-22,22711.32,2631.49
2021-06-23,23309.61,2710.53
2021-06-24,24116.31,2696.74
2021-06-25,24905.34,2838.36
2021-06-26,22754.54,2759.10
2021-06-27,23253.54,2759.26
2021-06-28,24955.69,2850.74
2021-06-29,24840.71,2836.35
2021-06-30,25944.71,2705.39
2021-07-01,25335.50,2757.29
2021-07-02,24383.75,2845.01
2021-07-03,24487.82,2848.11
2021-07-04,25079.08,2771.57
2021-07-05,25511.07,2782.93
2021-07-06,24340.69,2639.65
2021-07-07,24793.66,2641.91
2021-07-08,24557.93,2615.94
2021-07-09,23830.10,2625.78
2021-07-10,24312.04,2542.24
2021-07-11,24102.91,2458.65
2021-07-12,24646.72,2510.84
2021-07-13,23854.35,2437.68
2021-07-14,23703.26,2536.63
2021-07-15,23691.48,2444.60
2021-07-16,23026.70,2439.57
2021-07-17,22809.52,2281.79
2021-07-18,22908.74,2272.13
2021-07-19,23104.49,2221.27
2021-07-20,22562.83,2287.88
2021-07-21,21853.76,2286.64
2021-07-22,23438.49,2223.88
2021-07-23,23456.42,2126.30
2021-07-24,24422.91,2111.23
2021-07-25,24941.11,2142.75
2021-07-26,25720.51,2204.30
2021-07-27,26960.45,2241.23
2021-07-28,28456.36,2211.30
2021-07-29,28761.41,2124.11
2021-07-30,28664.36,2001.68
2021-07-31,30351.59,1948.70
2021-08-01,29817.23,1948.56
2021-08-02,28718.54,2023.79
2021-08-03,28205.47,1914.58
2021-08-04,27457.16,1901.45
2021-08-05,28615.21,1964.45
2021-08-06,29342.26,1862.74
2021-08-07,30870.50,1845.34
2021-08-08,32119.94,1938.91
2021-08-09,31580.55,1957.71
2021-08-10,33424.21,1922.70
2021-08-11,32958.23,1925.30
2021-08-12,32868.68,1838.44
2021-08-13,32176.92,1830.42
2021-08-14,34483.03,1835.22
2021-08-15,33968.05,1758.18
2021-08-16,33917.85,1668.37
2021-08-17,33188.72,1709.91
2021-08-18,32523.15,1756.11
2021-08-19,32555.63,1739.66
2021-08-20,34278.75,1771.68
2021-08-21,36203.36,1929.93
2021-08-22,35873.83,1881.19
2021-08-23,36178.81,1934.70
2021-08-24,36115.29,1872.35
2021-08-25,34774.51,2005.06
2021-08-26,35601.35,2100.88
2021-08-27,34228.48,2171.90
2021-08-28,35650.25,2118.36
2021-08-29,35533.04,2055.32
2021-08-30,35485.31,2013.42
2021-08-31,34177.15,2086.04
2021-09-01,34248.37,2070.24
2021-09-02,35441.87,2113.11
2021-09-03,35622.54,2116.24
2021-09-04,36068.78,2205.25
2021-09-05,36017.23,2183.07
2021-09-06,37357.55,2102.61
2021-09-07,38052.14,2194.04
2021-09-08,33984.13,2209.01
2021-09-09,33249.95,2162.30
2021-09-10,33526.97,2195.52
2021-09-11,32434.48,2130.74
2021-09-12,32675.58,2105.36
2021-09-13,33281.22,2086.98
2021-09-14,32491.14,2067.60
2021-09-15,34108.89,2170.01
2021-09-16,34781.71,2182.56
2021-09-17,34620.13,2201.45
2021-09-18,34404.54,2319.18
2021-09-19,35128.91,2299.75
2021-09-20,34424.88,2250.04
2021-09-21,31482.98,2281.18
2021-09-22,29784.64,2239.92
2021-09-23,31991.33,2136.95
2021-09-24,32719.28,2092.53
2021-09-25,31305.00,2131.12
2021-09-26,31217.85,2164.70
2021-09-27,31630.61,2167.31
2021-09-28,30801.76,2239.86
2021-09-29,30325.05,2208.03
2021-09-30,30945.72,2263.75
2021-10-01,32532.66,2205.41
2021-10-02,35537.63,2133.56
2021-10-03,35201.21,2175.62
2021-10-04,35525.77,2100.74
2021-10-05,36139.86,2017.80
2021-10-06,37783.44,2035.34
2021-10-07,40713.68,2046.04
2021-10-08,39504.23,1974.11
2021-10-09,39614.93,2026.30
2021-10-10,40366.42,2062.00
2021-10-11,40198.38,2054.34
2021-10-12,42325.37,2022.86
2021-10-13,41274.98,2068.29
2021-10-14,41974.37,2096.88
2021-10-15,41956.16,2129.89
2021-10-16,44823.21,2156.76
2021-10-17,44298.02,2137.10
2021-10-18,44727.39,2122.89
2021-10-19,45168.79,2060.73
2021-10-20,46607.03,2010.97
2021-10-21,47751.49,2043.61
2021-10-22,45129.07,1954.72
2021-10-23,44115.89,2033.22
2021-10-24,44597.48,2068.22
2021-10-25,44247.54,2078.53
2021-10-26,45796.77,2017.47
2021-10-27,43842.89,2035.09
2021-10-28,42580.32,2042.32
2021-10-29,43936.00,2015.23
2021-10-30,45479.98,2043.84
2021-10-31,45195.82,1980.37
2021-11-01,44814.95,1962.68
2021-11-02,44646.68,1980.03
2021-11-03,46450.82,2020.58
2021-11-04,45963.25,2034.11
2021-11-05,45498.90,2023.97
2021-11-06,45226.14,2051.56
2021-11-07,45603.02,2092.52
2021-11-08,46954.36,2079.15
2021-11-09,49800.84,2047.86
2021-11-10,49375.75,2026.84
2021-11-11,48448.00,2015.75
2021-11-12,48533.70,1962.48
2021-11-13,47825.64,1957.34
2021-11-14,48047.23,1963.04
2021-11-15,48837.60,1990.83
2021-11-16,47516.51,1964.20
2021-11-17,44801.01,1899.90
2021-11-18,44746.36,1895.42
2021-11-19,42147.46,1866.29
2021-11-20,43224.31,1883.44
2021-11-21,44425.82,1851.75
2021-11-22,43702.96,1857.52
2021-11-23,42027.75,1863.32
2021-11-24,43038.36,1912.70
2021-11-25,42888.36,1912.67
2021-11-26,44290.32,1875.44
2021-11-27,40286.74,1817.19
2021-11-28,41081.54,1784.26
2021-11-29,42945.90,1802.29
2021-11-30,43434.41,1771.75
2021-12-01,42803.10,1736.20
2021-12-02,43095.84,1694.02
2021-12-03,42489.07,1673.78
2021-12-04,40602.96,1613.83
2021-12-05,37182.32,1591.77
2021-12-06,37333.91,1560.52
2021-12-07,38137.54,1494.94
2021-12-08,38252.66,1395.79
2021-12-09,38193.54,1459.47
2021-12-10,36026.27,1505.52
2021-12-11,35612.96,1514.76
2021-12-12,37193.08,1456.80
2021-12-13,37802.00,1472.56
2021-12-14,35350.32,1491.45
2021-12-15,36568.90,1479.01
2021-12-16,36871.93,1479.27
2021-12-17,35768.70,1602.60
2021-12-18,34921.98,1586.40
2021-12-19,35370.73,1582.93
2021-12-20,35306.66,1604.11
2021-12-21,35494.07,1563.96
2021-12-22,36882.86,1649.55
2021-12-23,36421.96,1690.21
2021-12-24,37898.72,1684.04
2021-12-25,37986.89,1704.75
2021-12-26,37668.52,1752.94
2021-12-27,37904.64,1648.69
2021-12-28,37703.33,1644.49
2021-12-29,35452.88,1666.08
2021-12-30,34444.52,1720.54
2021-12-31,34946.84,1707.52
2022-01-01,34225.12,1708.49
2022-01-02,35236.97,1763.78
2022-01-03,35013.34,1763.42
2022-01-04,34458.62,1682.30
2022-01-05,33924.63,1690.12
2022-01-06,32140.67,1705.52
2022-01-07,31887.43,1741.37
2022-01-08,30571.16,1768.29
2022-01-09,30713.25,1786.92
2022-01-10,30835.37,1821.04
2022-01-11,30795.47,1855.68
2022-01-12,31351.99,1824.73
2022-01-13,32063.32,1826.25
2022-01-14,31063.70,1871.47
2022-01-15,31514.13,1910.45
2022-01-16,31568.91,1891.36
2022-01-17,31535.43,1903.48
2022-01-18,30957.85,1912.48
2022-01-19,31157.04,1926.47
2022-01-20,30672.63,1873.60
2022-01-21,29933.05,1878.91
2022-01-22,26903.41,1914.53
2022-01-23,25852.83,1931.59
2022-01-24,26761.55,1921.60
2022-01-25,27174.99,1898.63
2022-01-26,27351.18,1929.29
2022-01-27,27356.79,1915.13
2022-01-28,27734.09,1917.66
2022-01-29,28184.04,1980.30
2022-01-30,28460.95,2045.22
2022-01-31,28292.93,2043.68
2022-02-01,28621.97,2007.67
2022-02-02,28646.75,2009.93
2022-02-03,27237.85,2007.48
2022-02-04,27319.64,1979.84
2022-02-05,30655.98,1945.18
2022-02-06,30611.40,1950.94
2022-02-07,31335.90,1998.36
2022-02-08,32395.78,1981.65
2022-02-09,32550.56,1969.00
2022-02-10,32771.21,1941.55
2022-02-11,32157.67,1946.84
2022-02-12,31253.75,1948.77
2022-02-13,31142.16,1967.32
2022-02-14,31069.03,1985.71
2022-02-15,31470.50,1984.31
2022-02-16,32923.02,1965.18
2022-02-17,32351.04,1987.06
2022-02-18,29785.46,2061.83
2022-02-19,29443.46,2075.24
2022-02-20,29511.20,2039.42
2022-02-21,28270.22,2074.32
2022-02-22,27266.23,2045.13
2022-02-23,28174.83,2049.50
2022-02-24,27521.95,2012.59
2022-02-25,28668.01,1994.88
2022-02-26,29247.12,1976.42
2022-02-27,29161.80,1968.70
2022-02-28,28197.45,1943.56
2022-03-01,32181.68,1946.87
2022-03-02,33262.45,1889.53
2022-03-03,32788.27,1937.67
2022-03-04,31802.55,1929.15
2022-03-05,29596.27,1951.12
2022-03-06,29789.61,1947.09
2022-03-07,29087.22,1897.73
2022-03-08,29023.04,1924.56
2022-03-09,29577.78,1928.83
2022-03-10,31834.94,1907.58
2022-03-11,30100.94,1844.62
2022-03-12,29774.91,1853.13
2022-03-13,29822.99,1809.43
2022-03-14,29001.90,1794.05
2022-03-15,30488.08,1816.94
2022-03-16,30155.47,1829.53
2022-03-17,31307.98,1844.79
2022-03-18,31116.52,1863.47
2022-03-19,31708.26,1844.89
2022-03-20,32009.27,1790.94
2022-03-21,31343.02,1762.43
2022-03-22,31189.46,1763.82
2022-03-23,31934.23,1718.70
2022-03-24,32476.05,1731.43
2022-03-25,33320.95,1777.54
2022-03-26,33623.84,1783.29
2022-03-27,33740.45,1759.33
2022-03-28,35543.45,1745.49
2022-03-29,35956.14,1799.68
2022-03-30,36246.11,1854.71
2022-03-31,35822.53,1859.28
2022-04-01,34651.73,1903.24
2022-04-02,35295.01,1908.09
2022-04-03,34968.27,1919.73
2022-04-04,35441.83,1888.68
2022-04-05,35556.69,1879.97
2022-04-06,34828.18,1863.10
2022-04-07,33060.26,1854.34
2022-04-08,33288.61,1882.73
2022-04-09,32436.36,1881.13
2022-04-10,32819.17,1860.28
2022-04-11,32387.61,1835.21
2022-04-12,30357.19,1865.18
2022-04-13,30859.00,1855.65
2022-04-14,31375.04,1808.87
2022-04-15,30565.35,1817.22
2022-04-16,31050.79,1836.25
2022-04-17,30947.77,1834.59
2022-04-18,30423.46,1836.03
2022-04-19,31384.09,1809.59
2022-04-20,31892.51,1776.53
2022-04-21,31661.08,1796.92
2022-04-22,31115.07,1741.10
2022-04-23,30950.38,1789.14
2022-04-24,30747.61,1751.57
2022-04-25,30769.85,1757.01
2022-04-26,31754.28,1738.96
2022-04-27,30298.36,1761.95
2022-04-28,31293.43,1779.29
2022-04-29,31904.37,1829.58
2022-04-30,30721.62,1806.28
2022-05-01,29994.27,1816.35
2022-05-02,30608.78,1779.18
2022-05-03,30823.30,1757.92
2022-05-04,30201.81,1739.13
2022-05-05,31462.49,1705.80
2022-05-06,29584.08,1722.83
2022-05-07,29209.06,1668.52
2022-05-08,28771.79,1655.02
2022-05-09,27633.44,1683.76
2022-05-10,24540.40,1673.72
2022-05-11,25201.67,1643.17
2022-05-12,23653.41,1611.05
2022-05-13,23788.02,1589.58
2022-05-14,23883.73,1625.73
2022-05-15,24540.22,1684.44
2022-05-16,25538.95,1657.18
2022-05-17,24228.66,1611.26
2022-05-18,24364.47,1694.15
2022-05-19,23265.93,1705.45
2022-05-20,24320.55,1723.69
2022-05-21,23374.31,1745.17
2022-05-22,23567.67,1726.78
2022-05-23,24241.33,1708.57
2022-05-24,23156.87,1654.34
2022-05-25,23643.69,1678.42
2022-05-26,23489.98,1680.66
2022-05-27,23183.23,1670.35
2022-05-28,22664.02,1639.27
2022-05-29,22978.57,1613.42
2022-05-30,23322.27,1641.10
2022-05-31,25086.57,1613.50
2022-06-01,25213.02,1559.25
2022-06-02,23870.27,1580.06
2022-06-03,24222.42,1583.65
2022-06-04,23786.80,1500.15
2022-06-05,23890.08,1536.98
2022-06-06,23945.46,1542.16
2022-06-07,25050.15,1491.36
2022-06-08,24747.83,1512.23
2022-06-09,24094.18,1471.97
2022-06-10,24102.54,1519.65
2022-06-11,23617.27,1544.19
2022-06-12,23037.00,1531.05
2022-06-13,21780.38,1494.80
2022-06-14,18520.27,1456.61
2022-06-15,18479.64,1429.56
2022-06-16,18545.10,1472.19
2022-06-17,16505.62,1379.87
2022-06-18,16754.04,1446.37
2022-06-19,15550.20,1454.98
2022-06-20,16808.40,1457.04
2022-06-21,16810.30,1395.37
2022-06-22,16894.20,1348.61
2022-06-23,16313.73,1401.03
2022-06-24,17197.84,1439.85
2022-06-25,17313.06,1405.37
2022-06-26,17527.40,1396.67
2022-06-27,17120.22,1339.65
2022-06-28,16901.08,1391.30
2022-06-29,16640.54,1365.79
2022-06-30,16578.68,1371.91
2022-07-01,16299.34,1408.10
2022-07-02,15923.04,1390.41
2022-07-03,15895.99,1336.39
2022-07-04,15946.16,1309.84
2022-07-05,16696.37,1287.59
2022-07-06,16897.81,1203.88
2022-07-07,17234.79,1277.16
2022-07-08,17986.92,1250.72
2022-07-09,18044.73,1286.81
2022-07-10,17948.45,1322.99
2022-07-11,17355.70,1331.82
2022-07-12,16782.83,1322.47
2022-07-13,16270.73,1279.10
2022-07-14,17035.76,1243.38
2022-07-15,17374.52,1224.80
2022-07-16,17574.11,1290.23
2022-07-17,17879.33,1278.34
2022-07-18,17478.21,1301.83
2022-07-19,18803.05,1293.88
2022-07-20,19487.70,1300.73
2022-07-21,19413.06,1273.94
2022-07-22,19310.48,1339.60
2022-07-23,18915.39,1333.26
2022-07-24,18714.24,1362.29
2022-07-25,18862.14,1384.47
2022-07-26,17721.27,1389.56
2022-07-27,17651.38,1410.75
2022-07-28,18856.57,1411.75
2022-07-29,19588.70,1387.20
2022-07-30,19545.64,1395.04
2022-07-31,19426.75,1339.42
2022-08-01,19178.49,1304.21
2022-08-02,19019.52,1326.05
2022-08-03,18925.29,1302.67
2022-08-04,18823.57,1268.65
2022-08-05,18610.07,1274.76
2022-08-06,19292.96,1280.27
2022-08-07,19021.34,1286.75
2022-08-08,19218.45,1306.13
2022-08-09,19702.76,1328.35
2022-08-10,19188.01,1305.72
2022-08-11,19612.50,1272.94
2022-08-12,19645.34,1286.85
2022-08-13,20097.76,1292.91
2022-08-14,20119.89,1244.52
2022-08-15,20052.40,1233.94
2022-08-16,20011.16,1229.47
2022-08-17,19744.79,1209.13
2022-08-18,19377.15,1170.95
2022-08-19,19456.79,1195.60
2022-08-20,17646.01,1231.85
2022-08-21,17887.81,1213.77
2022-08-22,18201.47,1187.48
2022-08-23,18189.67,1180.26
2022-08-24,18196.42,1208.03
2022-08-25,18146.58,1183.11
2022-08-26,18266.14,1174.58
2022-08-27,17271.13,1135.79
2022-08-28,17056.92,1129.82
2022-08-29,16779.43,1117.14
2022-08-30,17317.27,1116.76
2022-08-31,16983.39,1179.90
2022-09-01,17289.34,1198.50
2022-09-02,17429.66,1259.87
2022-09-03,17343.10,1239.54
2022-09-04,17223.91,1272.26
2022-09-05,17422.75,1270.13
2022-09-06,17135.34,1276.76
2022-09-07,16365.71,1285.54
2022-09-08,16745.35,1288.24
2022-09-09,16777.62,1325.08
2022-09-10,18433.14,1297.33
2022-09-11,18697.63,1345.72
2022-09-12,18734.98,1313.14
2022-09-13,19138.18,1307.49
2022-09-14,17547.77,1330.73
2022-09-15,17534.24,1320.95
2022-09-16,17205.95,1394.57
2022-09-17,17326.24,1386.87
2022-09-18,17633.07,1408.22
2022-09-19,16982.72,1397.54
2022-09-20,17078.02,1376.37
2022-09-21,16599.34,1355.10
2022-09-22,16464.44,1328.08
2022-09-23,17235.88,1342.22
2022-09-24,17793.45,1378.94
2022-09-25,17439.17,1396.11
2022-09-26,17422.49,1422.54
2022-09-27,17853.30,1387.11
2022-09-28,17810.59,1375.69
2022-09-29,17936.62,1431.13
2022-09-30,17519.88,1453.05
2022-10-01,17391.91,1470.64
2022-10-02,17320.04,1473.23
2022-10-03,17101.95,1463.27
2022-10-04,17307.20,1495.81
2022-10-05,17758.93,1507.94
2022-10-06,17752.42,1474.69
2022-10-07,17880.84,1427.05
2022-10-08,17618.36,1444.74
2022-10-09,17514.53,1395.18
2022-10-10,17561.51,1411.40
2022-10-11,17274.19,1374.56
2022-10-12,17377.46,1382.10
2022-10-13,17257.52,1407.02
2022-10-14,17150.25,1387.71
2022-10-15,17173.56,1367.74
2022-10-16,17069.25,1396.33
2022-10-17,17140.29,1380.63
2022-10-18,17221.97,1358.61
2022-10-19,17046.22,1364.19
2022-10-20,17076.99,1359.92
2022-10-21,16978.21,1375.96
2022-10-22,16959.96,1375.14
2022-10-23,16991.24,1363.64
2022-10-24,17261.49,1349.43
2022-10-25,17110.27,1336.83
2022-10-26,17531.22,1346.93
2022-10-27,17847.08,1382.36
2022-10-28,17542.24,1390.19
2022-10-29,17733.76,1424.26
2022-10-30,17925.68,1423.29
2022-10-31,17795.35,1414.47
2022-11-01,17872.02,1423.62
2022-11-02,17827.69,1461.73
2022-11-03,17711.97,1445.07
2022-11-04,18091.13,1461.04
2022-11-05,18580.70,1440.56
2022-11-06,18708.03,1401.37
2022-11-07,18466.79,1380.43
2022-11-08,17893.06,1361.01
2022-11-09,16052.35,1377.50
2022-11-10,13971.46,1382.35
2022-11-11,15035.54,1329.81
2022-11-12,14405.56,1335.43
2022-11-13,14191.95,1335.90
2022-11-14,13861.53,1360.55
2022-11-15,14139.82,1308.10
2022-11-16,14212.87,1324.74
2022-11-17,13991.94,1310.48
2022-11-18,14071.96,1314.67
2022-11-19,14041.05,1298.70
2022-11-20,14058.06,1310.92
2022-11-21,13707.26,1286.51
2022-11-22,13344.87,1301.54
2022-11-23,13616.91,1292.08
2022-11-24,13755.10,1280.92
2022-11-25,13706.87,1283.41
2022-11-26,13662.11,1319.99
2022-11-27,13616.65,1343.37
2022-11-28,13638.64,1339.70
2022-11-29,13559.96,1331.33
2022-11-30,13765.88,1342.50
2022-12-01,14217.54,1307.39
2022-12-02,13842.24,1323.01
2022-12-03,13900.90,1312.13
2022-12-04,13746.48,1327.87
2022-12-05,13930.26,1344.21
2022-12-06,13922.41,1320.28
2022-12-07,14085.84,1305.28
2022-12-08,13798.11,1306.07
2022-12-09,14086.09,1285.30
2022-12-10,13970.30,1295.46
2022-12-11,13974.88,1280.73
2022-12-12,13977.60,1266.99
2022-12-13,14024.09,1297.74
2022-12-14,14392.84,1344.26
2022-12-15,14344.15,1329.95
2022-12-16,14244.02,1392.00
2022-12-17,13703.48,1396.27
2022-12-18,13830.38,1385.66
2022-12-19,13782.77,1422.06
2022-12-20,13526.77,1390.04
2022-12-21,13869.40,1374.21
2022-12-22,13926.64,1390.27
2022-12-23,13980.79,1375.90
2022-12-24,13933.70,1375.26