Date,BTC,Open
2017-12-24,10937.56,15696.83
2017-12-25,10475.19,15895.20
2017-12-26,10495.44,15794.92
2017-12-27,12085.76,15758.98
2017-12-28,11838.00,15722.91
2017-12-29,10936.00,15732.50
2017-12-30,10865.82,15852.14
2017-12-31,9545.37,15547.16
2018-01-01,10455.03,15024.15
2018-01-02,10086.62,15095.72
2018-01-03,11019.05,14751.78
2018-01-04,11304.09,14919.26
2018-01-05,11422.29,15263.10
2018-01-06,12870.06,15245.04
2018-01-07,12918.12,14708.02
2018-01-08,12138.06,14681.83
2018-01-09,11146.59,14582.22
2018-01-10,10783.13,14462.85
2018-01-11,11078.53,14046.22
2018-01-12,9937.14,13481.50
2018-01-13,10161.24,13610.87
2018-01-14,10465.95,13871.77
2018-01-15,10026.44,13710.99
2018-01-16,10030.52,13436.71
2018-01-17,8284.61,13812.19
2018-01-18,8100.98,14277.43
2018-01-19,8228.21,14494.47
2018-01-20,8411.78,14045.83
2018-01-21,9301.58,13958.48
2018-01-22,8375.16,14118.79
2018-01-23,7827.00,13984.43
2018-01-24,7782.58,14368.16
2018-01-25,8032.70,14228.68
2018-01-26,7955.33,14213.62
2018-01-27,7887.98,13768.97
2018-01-28,8100.02,13997.18
2018-01-29,8307.77,14038.92
2018-01-30,8036.10,14004.19
2018-01-31,7141.59,13735.40
2018-02-01,7210.89,13424.36
2018-02-02,6408.89,13511.75
2018-02-03,6269.21,12587.88
2018-02-04,6498.37,13485.26
2018-02-05,5861.47,13570.83
2018-02-06,5057.56,13716.70
2018-02-07,5557.10,13597.53
2018-02-08,5503.18,13837.59
2018-02-09,5936.44,13455.23
2018-02-10,6302.91,13328.36
2018-02-11,6227.78,12800.04
2018-02-12,5890.20,13113.70
2018-02-13,6446.68,13098.35
2018-02-14,6194.57,13229.77
2018-02-15,6770.12,12795.12
2018-02-16,7186.40,12685.23
2018-02-17,7278.07,13119.37
2018-02-18,7931.12,13360.72
2018-02-19,7520.92,13564.63
2018-02-20,8028.45,13860.39
2018-02-21,8123.58,13866.43
2018-02-22,7664.39,13990.35
2018-02-23,7123.35,14001.32
2018-02-24,7366.77,14194.72
2018-02-25,7014.98,14177.21
2018-02-26,6922.56,14500.39
2018-02-27,7443.89,14558.59
2018-02-28,7687.53,14444.78
2018-03-01,7551.63,14269.53
2018-03-02,7969.65,14304.35
2018-03-03,8042.52,14490.26
2018-03-04,8329.04,14002.58
2018-03-05,8360.45,13861.49
2018-03-06,8304.52,13830.47
2018-03-07,7773.15,13547.29
2018-03-08,7158.28,13584.69
2018-03-09,6820.76,13373.12
2018-03-10,6750.84,13647.43
2018-03-11,6391.44,13319.39
2018-03-12,6931.02,13312.44
2018-03-13,6597.41,13665.38
2018-03-14,6596.03,13623.70
2018-03-15,5935.11,13168.80
2018-03-16,5972.24,12749.17
2018-03-17,5965.95,12918.04
2018-03-18,5656.69,12500.88
2018-03-19,5984.45,12712.86
2018-03-20,6146.81,12710.42
2018-03-21,6382.09,12331.69
2018-03-22,6321.65,12511.46
2018-03-23,6191.53,12574.73
2018-03-24,6298.25,12787.52
2018-03-25,6093.68,12246.83
2018-03-26,6007.68,11923.03
2018-03-27,5760.04,11900.34
2018-03-28,5528.63,11645.57
2018-03-29,5666.95,11199.25
2018-03-30,5114.06,11555.97
2018-03-31,4921.09,11727.14
2018-04-01,5000.04,11905.57
2018-04-02,4876.65,11790.68
2018-04-03,5056.79,11364.40
2018-04-04,5300.64,11542.67
2018-04-05,4861.68,11396.28
2018-04-06,4866.80,11326.44
2018-04-07,4705.49,11225.03
2018-04-08,4910.92,11409.84
2018-04-09,4999.52,11869.69
2018-04-10,4808.89,12137.54
2018-04-11,4826.14,12176.89
2018-04-12,4902.64,11945.57
2018-04-13,5548.91,12097.12
2018-04-14,5529.96,12200.33
2018-04-15,5617.51,11925.81
2018-04-16,5853.39,12147.28
2018-04-17,5629.56,12016.47
2018-04-18,5557.49,11543.88
2018-04-19,5745.56,10986.85
2018-04-20,5884.73,10897.43
2018-04-21,6318.31,10968.40
2018-04-22,6372.77,10806.02
2018-04-23,6281.26,10697.55
2018-04-24,6411.44,10974.05
2018-04-25,6932.77,10941.95
2018-04-26,6364.26,11137.68
2018-04-27,6675.74,11351.31
2018-04-28,6484.78,11661.02
2018-04-29,6780.13,11542.24
2018-04-30,6846.89,11160.22
2018-05-01,6717.59,11048.25
2018-05-02,6691.11,11006.83
2018-05-03,6804.69,10964.18
2018-05-04,7144.80,11337.90
2018-05-05,7167.34,11422.60
2018-05-06,7274.50,11503.61
2018-05-07,7128.57,11524.49
2018-05-08,6914.99,11420.89
2018-05-09,6806.18,11056.55
2018-05-10,6886.18,11151.21
2018-05-11,6696.47,11379.36
2018-05-12,6234.45,11561.64
2018-05-13,6289.14,11515.00
2018-05-14,6431.28,11726.09
2018-05-15,6420.23,11914.15
2018-05-16,6300.03,12025.37
2018-05-17,6179.44,11837.96
2018-05-18,5990.40,11701.53
2018-05-19,6126.70,11756.19
2018-05-20,6120.22,12036.48
2018-05-21,6324.08,12239.69
2018-05-22,6269.45,12317.96
2018-05-23,5979.97,12287.67
2018-05-24,5655.71,12433.87
2018-05-25,5673.52,12675.04
2018-05-26,5625.97,12538.80
2018-05-27,5532.49,12703.72
2018-05-28,5539.42,12557.49
2018-05-29,5356.07,12793.44
2018-05-30,5636.68,12944.82
2018-05-31,5576.08,12866.31
2018-06-01,5645.14,12996.63
2018-06-02,5643.79,13082.64
2018-06-03,5715.21,12968.63
2018-06-04,5783.80,12937.79
2018-06-05,5633.84,12832.27
2018-06-06,5689.32,12523.16
2018-06-07,5701.48,12380.37
2018-06-08,5728.77,12375.15
2018-06-09,5690.39,12506.37
2018-06-10,5591.25,12630.58
2018-06-11,5069.56,12021.05
2018-06-12,5165.16,12093.06
2018-06-13,4932.98,11972.56
2018-06-14,4740.83,11707.44
2018-06-15,5035.52,11899.14
2018-06-16,4859.93,11643.03
2018-06-17,4927.75,11559.38
2018-06-18,4904.01,11679.86
2018-06-19,5085.53,11958.61
2018-06-20,5140.27,12174.94
2018-06-21,5147.74,11908.81
2018-06-22,5087.88,11680.41
2018-06-23,4588.68,11633.24
2018-06-24,4644.57,11401.21
2018-06-25,4654.58,11338.57
2018-06-26,4711.13,11440.14
2018-06-27,4602.77,11466.21
2018-06-28,4690.27,11167.38
2018-06-29,4511.69,10952.69
2018-06-30,4704.54,10833.38
2018-07-01,4854.02,10955.29
2018-07-02,4830.69,10817.52
2018-07-03,5019.91,10894.44
2018-07-04,4965.79,10697.71
2018-07-05,4989.95,10659.01
2018-07-06,5021.70,11054.72
2018-07-07,5017.84,11022.67
2018-07-08,5160.12,11129.04
2018-07-09,5096.73,10877.28
2018-07-10,5085.04,10659.95
2018-07-11,4775.78,10484.37
2018-07-12,4843.84,10437.00
2018-07-13,4731.75,10131.82
2018-07-14,4721.51,10742.81
2018-07-15,4740.55,10575.65
2018-07-16,4806.45,10963.99
2018-07-17,5092.29,10689.31
2018-07-18,5583.36,10657.41
2018-07-19,5642.12,10576.04
2018-07-20,5734.89,10867.07
2018-07-21,5596.53,10996.97
2018-07-22,5646.06,10969.02
2018-07-23,5641.14,10971.95
2018-07-24,5889.12,10766.20
2018-07-25,6373.33,11028.43
2018-07-26,6195.99,11154.74
2018-07-27,6065.77,10885.01
2018-07-28,6231.64,10399.45
2018-07-29,6259.68,10548.14
2018-07-30,6271.23,10516.94
2018-07-31,6229.02,10611.53
2018-08-01,5922.43,10528.45
2018-08-02,5816.97,10869.17
2018-08-03,5810.77,11124.75
2018-08-04,5719.85,11233.90
2018-08-05,5406.44,11474.82
2018-08-06,5433.03,11260.10
2018-08-07,5376.96,11008.67
2018-08-08,5212.34,11257.01
2018-08-09,4897.14,11091.01
2018-08-10,5123.51,11058.56
2018-08-11,4845.14,11174.61
2018-08-12,4921.79,11231.00
2018-08-13,4970.50,11147.57
2018-08-14,4928.79,11060.02
2018-08-15,4892.98,10995.20
2018-08-16,4958.82,11475.17
2018-08-17,4988.91,11308.38
2018-08-18,5162.26,11380.99
2018-08-19,5036.13,11228.42
2018-08-20,5100.44,10963.95
2018-08-21,4921.17,11011.33
2018-08-22,5026.15,11038.17
2018-08-23,4937.88,11015.48
2018-08-24,5115.18,11542.84
2018-08-25,5232.79,11248.09
2018-08-26,5259.80,11012.62
2018-08-27,5219.98,10767.63
2018-08-28,5343.58,10707.44
2018-08-29,5511.12,10490.89
2018-08-30,5403.73,10592.00
2018-08-31,5360.06,10586.46
2018-09-01,5435.39,10437.75
2018-09-02,5547.09,Open
2018-09-03,5634.36,15696.83
2018-09-04,5645.11,15895.20
2018-09-05,5725.64,15794.92
2018-09-06,5230.87,15758.98
2018-09-07,5051.78,15722.91
2018-09-08,4998.58,15732.50
2018-09-09,4815.37,15852.14
2018-09-10,4874.73,15547.16
2018-09-11,4860.96,15024.15
2018-09-12,4854.01,15095.72
2018-09-13,4871.39,14751.78
2018-09-14,4970.18,14919.26
2018-09-15,4981.56,15263.10
2018-09-16,5002.43,15245.04
2018-09-17,4983.60,14708.02
2018-09-18,4778.90,14681.83
2018-09-19,4839.99,14582.22
2018-09-20,4870.12,14462.85
2018-09-21,4908.11,14046.22
2018-09-22,5152.28,13481.50
2018-09-23,5136.78,13610.87
2018-09-24,5126.87,13871.77
2018-09-25,5035.31,13710.99
2018-09-26,4896.10,13436.71
2018-09-27,4930.43,13812.19
2018-09-28,5108.07,14277.43
2018-09-29,5097.91,14494.47
2018-09-30,5068.45,14045.83
2018-10-01,5078.09,13958.48
2018-10-02,5055.04,14118.79
2018-10-03,5048.69,13984.43
2018-10-04,5020.80,14368.16
2018-10-05,5048.22,14228.68
2018-10-06,5048.76,14213.62
2018-10-07,5024.54,13768.97
2018-10-08,5027.95,13997.18
2018-10-09,5081.02,14038.92
2018-10-10,5046.95,14004.19
2018-10-11,4988.14,13735.40
2018-10-12,4715.32,13424.36
2018-10-13,4772.03,13511.75
2018-10-14,4779.94,12587.88
2018-10-15,4802.01,13485.26
2018-10-16,5017.96,13570.83
2018-10-17,4998.35,13716.70
2018-10-18,4993.24,13597.53
2018-10-19,4974.48,13837.59
2018-10-20,4942.57,13455.23
2018-10-21,4964.89,13328.36
2018-10-22,4964.45,12800.04
2018-10-23,4984.72,13113.70
2018-10-24,4990.04,13098.35
2018-10-25,5032.95,13229.77
2018-10-26,5045.46,12795.12
2018-10-27,5049.74,12685.23
2018-10-28,5052.58,13119.37
2018-10-29,5059.49,13360.72
2018-10-30,4950.26,13564.63
2018-10-31,4987.25,13860.39
2018-11-01,4948.62,13866.43
2018-11-02,4905.75,13990.35
2018-11-03,4923.86,14001.32
2018-11-04,4907.08,14194.72
2018-11-05,4892.85,14177.21
2018-11-06,4925.28,14500.39
2018-11-07,4933.08,14558.59
2018-11-08,4968.05,14444.78
2018-11-09,4931.42,14269.53
2018-11-10,4923.39,14304.35
2018-11-11,4942.98,14490.26
2018-11-12,4955.62,14002.58
2018-11-13,4957.82,13861.49
2018-11-14,4879.64,13830.47
2018-11-15,4416.89,13547.29
2018-11-16,4422.24,13584.69
2018-11-17,4344.71,13373.12
2018-11-18,4330.04,13647.43
2018-11-19,4380.25,13319.39
2018-11-20,3783.11,13312.44
2018-11-21,3491.75,13665.38
2018-11-22,3609.84,13623.70
2018-11-23,3386.57,13168.80
2018-11-24,3391.33,12749.17
2018-11-25,3026.89,12918.04
2018-11-26,3133.54,12500.88
2018-11-27,2938.94,12712.86
2018-11-28,2999.90,12710.42
2018-11-29,3328.89,12331.69
2018-11-30,3355.78,12511.46
2018-12-01,3155.20,12574.73
2018-12-02,3294.05,12787.52
2018-12-03,3252.55,12246.83
2018-12-04,3053.75,11923.03
2018-12-05,3112.65,11900.34
2018-12-06,2949.01,11645.57
2018-12-07,2749.05,11199.25
2018-12-08,2688.06,11555.97
2018-12-09,2728.38,11727.14
2018-12-10,2838.77,11905.57
2018-12-11,2784.55,11790.68
2018-12-12,2738.69,11364.40
2018-12-13,2760.97,11542.67
2018-12-14,2617.58,11396.28
2018-12-15,2576.85,11326.44
2018-12-16,2570.72,11225.03
2018-12-17,2584.94,11409.84
2018-12-18,2810.02,11869.69
2018-12-19,2929.25,12137.54
2018-12-20,2963.89,12176.89
2018-12-21,3263.21,11945.57
2018-12-22,3085.39,12097.12
2018-12-23,3183.42,12200.33
2018-12-24,3162.23,11925.81
2018-12-25,3210.38,12147.28
2018-12-26,3010.68,12016.47
2018-12-27,3047.62,11543.88
2018-12-28,2888.93,10986.85
2018-12-29,3096.70,10897.43
2018-12-30,3009.99,10968.40
2018-12-31,3047.02,10806.02
2019-01-01,2940.80,10697.55
2019-01-02,3018.13,10974.05
2019-01-03,3140.12,10941.95
2019-01-04,3034.44,11137.68
2019-01-05,3026.26,11351.31
2019-01-06,3015.50,11661.02
2019-01-07,3203.17,11542.24
2019-01-08,3151.18,11160.22
2019-01-09,3165.18,11048.25
2019-01-10,3152.14,11006.83
2019-01-11,2880.88,10964.18
2019-01-12,2870.35,11337.90
2019-01-13,2849.16,11422.60
2019-01-14,2768.66,11503.61
2019-01-15,2877.21,11524.49
2019-01-16,2821.34,11420.89
2019-01-17,2834.09,11056.55
2019-01-18,2832.88,11151.21
2019-01-19,2836.36,11379.36
2019-01-20,2893.11,11561.64
2019-01-21,2800.24,11515.00
2019-01-22,2773.44,11726.09
2019-01-23,2782.92,11914.15
2019-01-24,2740.13,12025.37
2019-01-25,2749.25,11837.96
2019-01-26,2728.10,11701.53
2019-01-27,2730.06,11756.19
2019-01-28,2713.70,12036.48
2019-01-29,2636.02,12239.69
2019-01-30,2633.27,12317.96
2019-01-31,2657.17,12287.67
2019-02-01,2639.86,12433.87
2019-02-02,2663.13,12675.04
2019-02-03,2687.21,12538.80
2019-02-04,2651.58,12703.72
2019-02-05,2651.74,12557.49
2019-02-06,2677.53,12793.44
2019-02-07,2640.68,12944.82
2019-02-08,2626.85,12866.31
2019-02-09,2837.18,12996.63
2019-02-10,2837.77,13082.64
2019-02-11,2856.78,12968.63
2019-02-12,2831.95,12937.79
2019-02-13,2834.16,12832.27
2019-02-14,2824.77,12523.16
2019-02-15,2826.61,12380.37
2019-02-16,2804.04,12375.15
2019-02-17,2818.76,12506.37
2019-02-18,2845.00,12630.58
2019-02-19,3026.85,12021.05
2019-02-20,3021.94,12093.06
2019-02-21,3066.50,11972.56
2019-02-22,3030.66,11707.44
2019-02-23,3063.60,11899.14
2019-02-24,3175.99,11643.03
2019-02-25,2914.11,11559.38
2019-02-26,2954.88,11679.86
2019-02-27,2909.77,11958.61
2019-02-28,2889.52,12174.94
2019-03-01,2905.33,11908.81
2019-03-02,2918.26,11680.41
2019-03-03,2923.91,11633.24
2019-03-04,2904.69,11401.21
2019-03-05,2852.89,11338.57
2019-03-06,2962.66,11440.14
2019-03-07,2961.32,11466.21
2019-03-08,2989.26,11167.38
2019-03-09,2992.57,10952.69
2019-03-10,3046.93,10833.38
2019-03-11,3044.21,10955.29
2019-03-12,2947.12,10817.52
2019-03-13,2995.44,10894.44
2019-03-14,2939.34,10697.71
2019-03-15,2961.81,10659.01
2019-03-16,2978.47,11054.72
2019-03-17,3041.46,11022.67
2019-03-18,3030.73,11129.04
2019-03-19,3040.34,10877.28
2019-03-20,3068.16,10659.95
2019-03-21,3092.85,10484.37
2019-03-22,3067.99,10437.00
2019-03-23,3044.29,10131.82
2019-03-24,3054.40,10742.81
2019-03-25,3047.20,10575.65
2019-03-26,3003.91,10963.99
2019-03-27,3016.01,10689.31
2019-03-28,3107.48,10657.41
2019-03-29,3116.53,10576.04
2019-03-30,3137.44,10867.07
2019-03-31,3147.39,10996.97
2019-04-01,3152.59,10969.02
2019-04-02,3181.02,10971.95
2019-04-03,3717.52,10766.20
2019-04-04,3773.10,11028.43
2019-04-05,3765.38,11154.74
2019-04-06,3863.47,10885.01
2019-04-07,3883.42,10399.45
2019-04-08,3988.40,10548.14
2019-04-09,4049.96,10516.94
2019-04-10,3985.95,10611.53
2019-04-11,4065.63,10528.45
2019-04-12,3877.13,10869.17
2019-04-13,3891.44,11124.75
2019-04-14,3896.73,11233.90
2019-04-15,3949.53,11474.82
2019-04-16,3867.70,11260.10
2019-04-17,4014.27,11008.67
2019-04-18,4027.69,11257.01
2019-04-19,4077.76,11091.01
2019-04-20,4081.39,11058.56
2019-04-21,4105.80,11174.61
2019-04-22,4088.73,11231.00
2019-04-23,4159.42,11147.57
2019-04-24,4306.50,11060.02
2019-04-25,4236.59,10995.20
2019-04-26,4040.56,11475.17
2019-04-27,4086.50,11308.38
2019-04-28,4081.23,11380.99
2019-04-29,4090.45,11228.42
2019-04-30,4057.99,10963.95
2019-05-01,4103.66,11011.33
2019-05-02,4138.83,11038.17
2019-05-03,4224.48,11015.48
2019-05-04,4379.57,11542.84
2019-05-05,4426.53,11248.09
2019-05-06,4404.18,11012.62
2019-05-07,4386.76,10767.63
2019-05-08,4476.08,10707.44
2019-05-09,4597.97,10490.89
2019-05-10,4747.30,10592.00
2019-05-11,4907.88,10586.46
2019-05-12,5541.66,10437.75
2019-05-13,5359.15,Open
2019-05-14,6023.56,15696.83
2019-05-15,6190.17,15895.20
2019-05-16,6378.52,15794.92
2019-05-17,6162.99,15758.98
2019-05-18,5772.20,15722.91
2019-05-19,5714.25,15732.50
2019-05-20,6438.96,15852.14
2019-05-21,6267.88,15547.16
2019-05-22,6261.40,15024.15
2019-05-23,6062.62,15095.72
2019-05-24,6224.15,14751.78
2019-05-25,6285.90,14919.26
2019-05-26,6336.18,15263.10
2019-05-27,6816.84,15245.04
2019-05-28,6941.95,14708.02
2019-05-29,6888.36,14681.83
2019-05-30,6858.63,14582.22
2019-05-31,6599.21,14462.85
2019-06-01,6783.62,14046.22
2019-06-02,6777.00,13481.50
2019-06-03,6917.97,13610.87
2019-06-04,6483.96,13871.77
2019-06-05,6065.85,13710.99
2019-06-06,6163.15,13436.71
2019-06-07,6164.51,13812.19
2019-06-08,6309.79,14277.43
2019-06-09,6241.41,14494.47
2019-06-10,6046.44,14045.83
2019-06-11,6307.26,13958.48
2019-06-12,6229.39,14118.79
2019-06-13,6417.35,13984.43
2019-06-14,6491.60,14368.16
2019-06-15,6901.57,14228.68
2019-06-16,7023.15,14213.62
2019-06-17,7139.00,13768.97
2019-06-18,7443.94,13997.18
2019-06-19,7224.68,14038.92
2019-06-20,7329.03,14004.19
2019-06-21,7495.60,13735.40
2019-06-22,7986.12,13424.36
2019-06-23,8394.82,13511.75
2019-06-24,8513.08,12587.88
2019-06-25,8640.54,13485.26
2019-06-26,9282.52,13570.83
2019-06-27,10253.90,13716.70
2019-06-28,8808.07,13597.53
2019-06-29,9768.21,13837.59
2019-06-30,9398.95,13455.23
2019-07-01,8505.82,13328.36
2019-07-02,8374.11,12800.04
2019-07-03,8587.88,13113.70
2019-07-04,9516.26,13098.35
2019-07-05,8904.38,13229.77
2019-07-06,8771.26,12795.12
2019-07-07,8958.33,12685.23
2019-07-08,9138.72,13119.37
2019-07-09,9814.89,13360.72
2019-07-10,10091.15,13564.63
2019-07-11,9705.94,13860.39
2019-07-12,9066.67,13866.43
2019-07-13,9396.40,13990.35
2019-07-14,9052.69,14001.32
2019-07-15,8159.08,14194.72
2019-07-16,8705.04,14177.21
2019-07-17,7631.43,14500.39
2019-07-18,7800.39,14558.59
2019-07-19,8495.38,14444.78
2019-07-20,8419.60,14269.53
2019-07-21,8620.64,14304.35
2019-07-22,8468.75,14490.26
2019-07-23,8295.98,14002.58
2019-07-24,7950.21,13861.49
2019-07-25,7856.99,13830.47
2019-07-26,7960.39,13547.29
2019-07-27,7971.51,13584.69
2019-07-28,7665.01,13373.12
2019-07-29,7715.00,13647.43
2019-07-30,7794.97,13319.39
2019-07-31,7897.24,13312.44
2019-08-01,8291.94,13665.38
2019-08-02,8578.72,13623.70
2019-08-03,8650.00,13168.80
2019-08-04,8898.63,12749.17
2019-08-05,9021.92,12918.04
2019-08-06,9715.31,12500.88
2019-08-07,9430.86,12712.86
2019-08-08,9845.93,12710.42
2019-08-09,9843.78,12331.69
2019-08-10,9853.40,12511.46
2019-08-11,9428.23,12574.73
2019-08-12,9582.23,12787.52
2019-08-13,9426.39,12246.83
2019-08-14,9026.73,11923.03
2019-08-15,8324.04,11900.34
2019-08-16,8536.22,11645.57
2019-08-17,8525.69,11199.25
2019-08-18,8422.22,11555.97
2019-08-19,8512.60,11727.14
2019-08-20,9000.84,11905.57
2019-08-21,8850.51,11790.68
2019-08-22,8360.83,11364.40
2019-08-23,8273.98,11542.67
2019-08-24,8476.66,11396.28
2019-08-25,8276.23,11326.44
2019-08-26,8259.15,11225.03
2019-08-27,8486.01,11409.84
2019-08-28,8307.06,11869.69
2019-08-29,7986.01,12137.54
2019-08-30,7809.48,12176.89
2019-08-31,7893.35,11945.57
2019-09-01,7920.54,12097.12
2019-09-02,8025.19,12200.33
2019-09-03,8575.17,11925.81
2019-09-04,8785.10,12147.28
2019-09-05,8646.14,12016.47
2019-09-06,8583.26,11543.88
2019-09-07,8429.14,10986.85
2019-09-08,8562.06,10897.43
2019-09-09,8501.69,10968.40
2019-09-10,8372.49,10806.02
2019-09-11,8194.13,10697.55
2019-09-12,8251.10,10974.05
2019-09-13,8447.36,10941.95
2019-09-14,8273.01,11137.68
2019-09-15,8281.19,11351.31
2019-09-16,8280.53,11661.02
2019-09-17,8274.02,11542.24
2019-09-18,8197.31,11160.22
2019-09-19,8179.37,11048.25
2019-09-20,8196.97,11006.83
2019-09-21,8164.99,10964.18
2019-09-22,8037.08,11337.90
2019-09-23,8073.87,11422.60
2019-09-24,7825.23,11503.61
2019-09-25,6890.82,11524.49
2019-09-26,6867.66,11420.89
2019-09-27,6580.90,11056.55
2019-09-28,6713.81,11151.21
2019-09-29,6709.39,11379.36
2019-09-30,6592.57,11561.64
2019-10-01,6753.66,11515.00
2019-10-02,6788.65,11726.09
2019-10-03,6819.83,11914.15
2019-10-04,6692.45,12025.37
2019-10-05,6657.04,11837.96
2019-10-06,6607.11,11701.53
2019-10-07,6477.47,11756.19
2019-10-08,6711.46,12036.48
2019-10-09,6735.34,12239.69
2019-10-10,7029.63,12317.96
2019-10-11,6904.35,12287.67
2019-10-12,6576.24,12433.87
2019-10-13,6593.03,12675.04
2019-10-14,6594.45,12538.80
2019-10-15,6639.93,12703.72
2019-10-16,6430.26,12557.49
2019-10-17,6277.54,12793.44
2019-10-18,6295.51,12944.82
2019-10-19,6142.71,12866.31
2019-10-20,6161.20,12996.63
2019-10-21,6376.27,13082.64
2019-10-22,6354.96,12968.63
2019-10-23,6268.52,12937.79
2019-10-24,5812.69,12832.27
2019-10-25,5835.24,12523.16
2019-10-26,6759.13,12380.37
2019-10-27,7204.89,12375.15
2019-10-28,7457.01,12506.37
2019-10-29,7194.36,12630.58
2019-10-30,7324.49,12021.05
2019-10-31,7132.77,12093.06
2019-11-01,7105.25,11972.56
2019-11-02,7155.03,11707.44
2019-11-03,7205.06,11899.14
2019-11-04,7139.20,11643.03
2019-11-05,7302.51,11559.38
2019-11-06,7252.23,11679.86
2019-11-07,7273.83,11958.61
2019-11-08,7227.20,12174.94
2019-11-09,6895.87,11908.81
2019-11-10,6898.23,11680.41
2019-11-11,7078.75,11633.24
2019-11-12,6815.57,11401.21
2019-11-13,6856.55,11338.57
2019-11-14,6855.85,11440.14
2019-11-15,6758.56,11466.21
2019-11-16,6580.52,11167.38
2019-11-17,6625.70,10952.69
2019-11-18,6636.03,10833.38
2019-11-19,6413.72,10955.29
2019-11-20,6345.62,10817.52
2019-11-21,6207.35,10894.44
2019-11-22,5916.56,10697.71
2019-11-23,5684.59,10659.01
2019-11-24,5764.42,11054.72
2019-11-25,5478.58,11022.67
2019-11-26,5539.98,11129.04
2019-11-27,5614.20,10877.28
2019-11-28,5828.98,10659.95
2019-11-29,5782.78,10484.37
2019-11-30,6005.85,10437.00
2019-12-01,5856.99,10131.82
2019-12-02,5749.63,10742.81
2019-12-03,5660.44,10575.65
2019-12-04,5631.73,10963.99
2019-12-05,5532.77,10689.31
2019-12-06,5661.95,10657.41
2019-12-07,5745.48,10576.04
2019-12-08,5748.58,10867.07
2019-12-09,5754.93,10996.97
2019-12-10,5627.25,10969.02
2019-12-11,5543.00,10971.95
2019-12-12,5467.52,10766.20
2019-12-13,5377.18,11028.43
2019-12-14,5452.13,11154.74
2019-12-15,5343.63,10885.01
2019-12-16,5357.42,10399.45
2019-12-17,5223.80,10548.14
2019-12-18,5066.07,10516.94
2019-12-19,5561.86,10611.53
2019-12-20,5537.44,10528.45
2019-12-21,5552.38,10869.17
2019-12-22,5529.77,11124.75
2019-12-23,5774.23,11233.90
2019-12-24,5682.33,11474.82
2019-12-25,5664.83,11260.10
2019-12-26,5608.30,11008.67
2019-12-27,5569.05,11257.01
2019-12-28,5572.65,11091.01
2019-12-29,5594.53,11058.56
2019-12-30,5667.97,11174.61
2019-12-31,5562.92,11231.00
2020-01-01,5425.67,11147.57
2020-01-02,5435.64,11060.02
2020-01-03,5312.57,10995.20
2020-01-04,5615.52,11475.17
2020-01-05,5665.27,11308.38
2020-01-06,5666.14,11380.99
2020-01-07,5898.11,11228.42
2020-01-08,6224.49,10963.95
2020-01-09,6167.50,11011.33
2020-01-10,6027.69,11038.17
2020-01-11,6247.37,11015.48
2020-01-12,6148.92,11542.84
2020-01-13,6278.54,11248.09
2020-01-14,6268.25,11012.62
2020-01-15,6777.25,10767.63
2020-01-16,6758.00,10707.44
2020-01-17,6671.93,10490.89
2020-01-18,6858.91,10592.00
2020-01-19,6869.85,10586.46
2020-01-20,6692.07,10437.75
2020-01-21,6658.66,Open
2020-01-22,6702.96,15696.83
2020-01-23,6604.70,15895.20
2020-01-24,6406.68,15794.92
2020-01-25,6455.58,15758.98
2020-01-26,6397.67,15722.91
2020-01-27,6582.29,15732.50
2020-01-28,6825.34,15852.14
2020-01-29,7184.89,15547.16
2020-01-30,7154.04,15024.15
2020-01-31,7266.41,15095.72
2020-02-01,7078.11,14751.78
2020-02-02,7111.02,14919.26
2020-02-03,7089.41,15263.10
2020-02-04,7150.54,15245.04
2020-02-05,7047.57,14708.02
2020-02-06,7401.17,14681.83
2020-02-07,7522.44,14582.22
2020-02-08,7599.19,14462.85
2020-02-09,7654.15,14046.22
2020-02-10,7846.69,13481.50
2020-02-11,7630.39,13610.87
2020-02-12,7874.73,13871.77
2020-02-13,7968.51,13710.99
2020-02-14,7827.19,13436.71
2020-02-15,7905.10,13812.19
2020-02-16,7579.60,14277.43
2020-02-17,7613.23,14494.47
2020-02-18,7451.27,14045.83
2020-02-19,7803.26,13958.48
2020-02-20,7448.72,14118.79
2020-02-21,7461.12,13984.43
2020-02-22,7474.51,14368.16
2020-02-23,7455.69,14228.68
2020-02-24,7659.69,14213.62
2020-02-25,7467.12,13768.97
2020-02-26,7181.82,13997.18
2020-02-27,6838.21,14038.92
2020-02-28,6818.78,14004.19
2020-02-29,6763.03,13735.40
2020-03-01,6707.30,13424.36
2020-03-02,6700.25,13511.75
2020-03-03,6943.58,12587.88
2020-03-04,6855.39,13485.26
2020-03-05,6805.64,13570.83
2020-03-06,7010.09,13716.70
2020-03-07,6990.61,13597.53
2020-03-08,6826.73,13837.59
2020-03-09,6193.85,13455.23
2020-03-10,6060.15,13328.36
2020-03-11,6127.50,12800.04
2020-03-12,6174.35,13113.70
2020-03-13,3992.34,13098.35
2020-03-14,4542.04,13229.77
2020-03-15,4238.85,12795.12
2020-03-16,4345.89,12685.23
2020-03-17,4078.10,13119.37
2020-03-18,4312.48,13360.72
2020-03-19,4512.93,13564.63
2020-03-20,5390.42,13860.39
2020-03-21,5327.49,13866.43
2020-03-22,5309.49,13990.35
2020-03-23,5018.35,14001.32
2020-03-24,5552.70,14194.72
2020-03-25,5715.35,14177.21
2020-03-26,5636.19,14500.39
2020-03-27,5507.58,14558.59
2020-03-28,5192.49,14444.78
2020-03-29,5014.55,14269.53
2020-03-30,4759.10,14304.35
2020-03-31,5200.48,14490.26
2020-04-01,5188.71,14002.58
2020-04-02,5335.96,13861.49
2020-04-03,5485.33,13830.47
2020-04-04,5493.10,13547.29
2020-04-05,5594.31,13584.69
2020-04-06,5555.48,13373.12
2020-04-07,5939.89,13647.43
2020-04-08,5817.57,13319.39
2020-04-09,5921.58,13312.44
2020-04-10,5864.85,13665.38
2020-04-11,5516.46,13623.70
2020-04-12,5509.81,13168.80
2020-04-13,5590.42,12749.17
2020-04-14,5463.96,12918.04
2020-04-15,5422.07,12500.88
2020-04-16,5303.30,12712.86
2020-04-17,5699.26,12710.42
2020-04-18,5669.52,12331.69
2020-04-19,5804.32,12511.46
2020-04-20,5755.68,12574.73
2020-04-21,5529.19,12787.52
2020-04-22,5593.67,12246.83
2020-04-23,5779.41,11923.03
2020-04-24,6018.79,11900.34
2020-04-25,6106.33,11645.57
2020-04-26,6122.23,11199.25
2020-04-27,6210.05,11555.97
2020-04-28,6276.59,11727.14
2020-04-29,6278.31,11905.57
2020-04-30,7054.33,11790.68
2020-05-01,6894.16,11364.40
2020-05-02,7094.11,11542.67
2020-05-03,7185.74,11396.28
2020-05-04,7144.17,11326.44
2020-05-05,7161.66,11225.03
2020-05-06,7239.72,11409.84
2020-05-07,7514.72,11869.69
2020-05-08,8027.43,12137.54
2020-05-09,7932.38,12176.89
2020-05-10,7731.08,11945.57
2020-05-11,7051.93,12097.12
2020-05-12,6983.02,12200.33
2020-05-13,7186.11,11925.81
2020-05-14,7574.78,12147.28
2020-05-15,7957.99,12016.47
2020-05-16,7711.07,11543.88
2020-05-17,7745.51,10986.85
2020-05-18,8007.02,10897.43
2020-05-19,7974.37,10968.40
2020-05-20,7935.48,10806.02
2020-05-21,7781.54,10697.55
2020-05-22,7429.23,10974.05
2020-05-23,7549.75,10941.95
2020-05-24,7572.12,11137.68
2020-05-25,7209.83,11351.31
2020-05-26,7302.44,11661.02
2020-05-27,7165.64,11542.24
2020-05-28,7488.59,11160.22
2020-05-29,7733.55,11048.25
2020-05-30,7646.87,11006.83
2020-05-31,7858.47,10964.18
2020-06-01,7665.09,11337.90
2020-06-02,8140.47,11422.60
2020-06-03,7578.68,11503.61
2020-06-04,7679.15,11524.49
2020-06-05,7771.81,11420.89
2020-06-06,7630.89,11056.55
2020-06-07,7621.49,11151.21
2020-06-08,7667.02,11379.36
2020-06-09,7673.81,11561.64
2020-06-10,7704.11,11515.00
2020-06-11,7764.21,11726.09
2020-06-12,7411.66,11914.15
2020-06-13,7557.68,12025.37
2020-06-14,7555.15,11837.96
2020-06-15,7504.27,11701.53
2020-06-16,7481.27,11756.19
2020-06-17,7575.40,12036.48
2020-06-18,7554.24,12239.69
2020-06-19,7572.77,12317.96
2020-06-20,7523.75,12287.67
2020-06-21,7556.11,12433.87
2020-06-22,7531.42,12675.04
2020-06-23,7714.79,12538.80
2020-06-24,7691.32,12703.72
2020-06-25,7504.31,12557.49
2020-06-26,7454.30,12793.44
2020-06-27,7432.36,12944.82
2020-06-28,7333.52,12866.31
2020-06-29,7405.33,12996.63
2020-06-30,7462.33,13082.64
2020-07-01,7383.54,12968.63
2020-07-02,7406.00,12937.79
2020-07-03,7319.20,12832.27
2020-07-04,7277.13,12523.16
2020-07-05,7310.25,12380.37
2020-07-06,7272.56,12375.15
2020-07-07,7482.30,12506.37
2020-07-08,7378.22,12630.58
2020-07-09,7475.04,12021.05
2020-07-10,7356.89,12093.06
2020-07-11,7349.87,11972.56
2020-07-12,7321.10,11707.44
2020-07-13,7346.63,11899.14
2020-07-14,7360.23,11643.03
2020-07-15,7353.64,11559.38
2020-07-16,7301.02,11679.86
2020-07-17,7271.21,11958.61
2020-07-18,7280.76,12174.94
2020-07-19,7287.81,11908.81
2020-07-20,7307.68,11680.41
2020-07-21,7236.17,11633.24
2020-07-22,7363.52,11401.21
2020-07-23,7484.24,11338.57
2020-07-24,7530.46,11440.14
2020-07-25,7457.67,11466.21
2020-07-26,7567.71,11167.38
2020-07-27,7739.84,10952.69
2020-07-28,8549.10,10833.38
2020-07-29,8444.04,10955.29
2020-07-30,8549.74,10817.52
2020-07-31,8468.06,10894.44
2020-08-01,8652.92,10697.71
2020-08-02,8986.20,10659.01
2020-08-03,8431.81,11054.72
2020-08-04,8598.67,11022.67
2020-08-05,8561.56,11129.04
2020-08-06,8950.92,10877.28
2020-08-07,8966.01,10659.95
2020-08-08,8892.37,10484.37
2020-08-09,8994.13,10437.00
2020-08-10,8935.38,10131.82
2020-08-11,9086.57,10742.81
2020-08-12,8737.89,10575.65
2020-08-13,8882.70,10963.99
2020-08-14,9007.98,10689.31
2020-08-15,8993.00,10657.41
2020-08-16,9067.88,10576.04
2020-08-17,9076.51,10867.07
2020-08-18,9348.26,10996.97
2020-08-19,9046.81,10969.02
2020-08-20,8971.48,10971.95
2020-08-21,8984.72,10766.20
2020-08-22,8851.99,11028.43
2020-08-23,8922.95,11154.74
2020-08-24,8908.03,10885.01
2020-08-25,9007.61,10399.45
2020-08-26,8642.75,10548.14
2020-08-27,8689.33,10516.94
2020-08-28,8580.12,10611.53
2020-08-29,8644.31,10528.45
2020-08-30,8620.08,10869.17
2020-08-31,8769.23,11124.75
2020-09-01,8739.76,11233.90
2020-09-02,8929.69,11474.82
2020-09-03,8545.96,11260.10
2020-09-04,7713.74,11008.67
2020-09-05,7916.66,11257.01
2020-09-06,7656.62,11091.01
2020-09-07,7762.29,11058.56
2020-09-08,7878.96,11174.61
2020-09-09,7815.64,11231.00
2020-09-10,7879.32,11147.57
2020-09-11,8095.83,11060.02
2020-09-12,8135.88,10995.20
2020-09-13,8169.12,11475.17
2020-09-14,8066.80,11308.38
2020-09-15,8310.19,11380.99
2020-09-16,8383.11,11228.42
2020-09-17,8467.26,10963.95
2020-09-18,8440.09,11011.33
2020-09-19,8464.96,11038.17
2020-09-20,8590.47,11015.48
2020-09-21,8455.06,11542.84
2020-09-22,8159.32,11248.09
2020-09-23,8267.89,11012.62
2020-09-24,8061.08,10767.63
2020-09-25,8436.53,10707.44
2020-09-26,8391.98,10490.89
2020-09-27,8432.25,10592.00
2020-09-28,8442.86,10586.46
2020-09-29,8319.00,10437.75
2020-09-30,8429.10,Open
2020-10-01,8357.77,15696.83
2020-10-02,8241.36,15895.20
2020-10-03,8175.25,15794.92
2020-10-04,8157.45,15758.98
2020-10-05,8257.60,15722.91
2020-10-06,8309.44,15732.50
2020-10-07,8230.03,15852.14
2020-10-08,8260.38,15547.16
2020-10-09,8445.29,15024.15
2020-10-10,8477.50,15095.72
2020-10-11,8657.00,14751.78
2020-10-12,8742.95,14919.26
2020-10-13,8839.64,15263.10
2020-10-14,8835.91,15245.04
2020-10-15,8781.52,14708.02
2020-10-16,8915.27,14681.83
2020-10-17,8766.65,14582.22
2020-10-18,8792.87,14462.85
2020-10-19,8892.85,14046.22
2020-10-20,9071.90,13481.50
2020-10-21,9195.10,13610.87
2020-10-22,9750.39,13871.77
2020-10-23,9918.60,13710.99
2020-10-24,9914.38,13436.71
2020-10-25,10047.96,13812.19
2020-10-26,9983.33,14277.43
2020-10-27,10046.04,14494.47
2020-10-28,10478.13,14045.83
2020-10-29,10217.21,13958.48
2020-10-30,10391.86,14118.79
2020-10-31,10462.26,13984.43
2020-11-01,10645.80,14368.16
2020-11-02,10627.46,14228.68
2020-11-03,10486.42,14213.62
2020-11-04,10633.10,13768.97
2020-11-05,10900.71,13997.18
2020-11-06,11857.12,14038.92
2020-11-07,11832.67,14004.19
2020-11-08,11273.99,13735.40
2020-11-09,11744.79,13424.36
2020-11-10,11644.48,13511.75
2020-11-11,11530.87,12587.88
2020-11-12,11872.77,13485.26
2020-11-13,12404.78,13570.83
2020-11-14,12366.66,13716.70
2020-11-15,12177.45,13597.53
2020-11-16,12069.28,13837.59
2020-11-17,12620.16,13455.23
2020-11-18,13310.38,13328.36
2020-11-19,13431.06,12800.04
2020-11-20,13449.53,13113.70
2020-11-21,14015.91,13098.35
2020-11-22,14031.65,13229.77
2020-11-23,13808.48,12795.12
2020-11-24,13780.91,12685.23
2020-11-25,14296.63,13119.37
2020-11-26,13995.87,13360.72
2020-11-27,12845.52,13564.63
2020-11-28,12860.58,13860.39
2020-11-29,13316.52,13866.43
2020-11-30,13635.92,13990.35
2020-12-01,14721.36,14001.32
2020-12-02,14009.18,14194.72
2020-12-03,14366.46,14177.21
2020-12-04,14456.56,14500.39
2020-12-05,13913.00,14558.59
2020-12-06,14252.15,14444.78
2020-12-07,14419.30,14269.53
2020-12-08,14369.98,14304.35
2020-12-09,13708.00,14490.26
2020-12-10,13881.38,14002.58
2020-12-11,13729.43,13861.49
2020-12-12,13647.32,13830.47
2020-12-13,14220.08,13547.29
2020-12-14,14376.14,13584.69
2020-12-15,14443.52,13373.12
2020-12-16,14441.00,13647.43
2020-12-17,15781.77,13319.39
2020-12-18,16808.11,13312.44
2020-12-19,17108.21,13665.38
2020-12-20,17645.97,13623.70
2020-12-21,17514.13,13168.80
2020-12-22,16950.63,12749.17
2020-12-23,17745.37,12918.04
2020-12-24,17198.82,12500.88
2020-12-25,17502.32,12712.86
2020-12-26,18172.11,12710.42
2020-12-27,19469.90,12331.69
2020-12-28,19366.99,12511.46
2020-12-29,20113.28,12574.73
2020-12-30,20270.21,12787.52
2020-12-31,21162.39,12246.83
2021-01-01,21206.86,11923.03
2021-01-02,21485.00,11900.34
2021-01-03,23498.42,11645.57
2021-01-04,23982.24,11199.25
2021-01-05,23562.76,11555.97
2021-01-06,24959.46,11727.14
2021-01-07,27035.84,11905.57
2021-01-08,29023.02,11790.68
2021-01-09,30071.30,11364.40
2021-01-10,29674.00,11542.67
2021-01-11,28365.77,11396.28
2021-01-12,26263.04,11326.44
2021-01-13,24815.32,11225.03
2021-01-14,27349.11,11409.84
2021-01-15,28617.99,11869.69
2021-01-16,27106.55,12137.54
2021-01-17,26613.41,12176.89
2021-01-18,26374.40,11945.57
2021-01-19,26977.07,12097.12
2021-01-20,26421.45,12200.33
2021-01-21,26012.17,11925.81
2021-01-22,22447.74,12147.28
2021-01-23,24109.59,12016.47
2021-01-24,23436.14,11543.88
2021-01-25,23591.01,10986.85
2021-01-26,23659.81,10897.43
2021-01-27,23700.17,10968.40
2021-01-28,22267.41,10806.02
2021-01-29,25005.17,10697.55
2021-01-30,25010.72,10974.05
2021-01-31,25008.87,10941.95
2021-02-01,24175.83,11137.68
2021-02-02,24520.21,11351.31
2021-02-03,25997.79,11661.02
2021-02-04,27454.07,11542.24
2021-02-05,27011.92,11160.22
2021-02-06,27764.29,11048.25
2021-02-07,28573.67,11006.83
2021-02-08,28305.41,10964.18
2021-02-09,33599.72,11337.90
2021-02-10,33635.74,11422.60
2021-02-11,32462.49,11503.61
2021-02-12,34664.70,11524.49
2021-02-13,34305.27,11420.89
2021-02-14,34037.36,11056.55
2021-02-15,35109.28,11151.21
2021-02-16,34455.24,11379.36
2021-02-17,35438.69,11561.64
2021-02-18,37603.60,11515.00
2021-02-19,36998.09,11726.09
2021-02-20,39903.89,11914.15
2021-02-21,40010.42,12025.37
2021-02-22,41013.65,11837.96
2021-02-23,38531.41,11701.53
2021-02-24,34587.70,11756.19
2021-02-25,35138.80,12036.48
2021-02-26,33692.70,12239.69
2021-02-27,33267.81,12317.96
2021-02-28,33173.45,12287.67
2021-03-01,32316.46,12433.87
2021-03-02,35617.97,12675.04
2021-03-03,34695.74,12538.80
2021-03-04,36291.48,12703.72
2021-03-05,34927.48,12557.49
2021-03-06,35343.78,12793.44
2021-03-07,35357.84,12944.82
2021-03-08,36946.48,12866.31
2021-03-09,37818.34,12996.63
2021-03-10,39477.62,13082.64
2021-03-11,40173.79,12968.63
2021-03-12,41337.49,12937.79
2021-03-13,41195.30,12832.27
2021-03-14,43981.08,12523.16
2021-03-15,42547.20,12380.37
2021-03-16,40178.34,12375.15
2021-03-17,40876.41,12506.37
2021-03-18,42140.47,12630.58
2021-03-19,41549.80,12021.05
2021-03-20,42047.59,12093.06
2021-03-21,42040.34,11972.56
2021-03-22,41578.59,11707.44
2021-03-23,39331.64,11899.14
2021-03-24,39842.70,11643.03
2021-03-25,38521.95,11559.38
2021-03-26,37590.40,11679.86
2021-03-27,40002.47,11958.61
2021-03-28,40588.05,12174.94
2021-03-29,40573.53,11908.81
2021-03-30,41926.60,11680.41
2021-03-31,42871.25,11633.24
2021-04-01,42744.39,11401.21
2021-04-02,42719.63,11338.57
2021-04-03,42946.70,11440.14
2021-04-04,41650.60,11466.21
2021-04-05,42486.11,11167.38
2021-04-06,42531.07,10952.69
2021-04-07,42066.58,10833.38
2021-04-08,40825.09,10955.29
2021-04-09,42469.03,10817.52
2021-04-10,42494.62,10894.44
2021-04-11,43662.67,10697.71
2021-04-12,43900.28,10659.01
2021-04-13,43545.07,11054.72
2021-04-14,46168.75,11022.67
2021-04-15,45783.13,11129.04
2021-04-16,45892.34,10877.28
2021-04-17,44483.05,10659.95
2021-04-18,43880.36,10484.37
2021-04-19,40666.02,10437.00
2021-04-20,39796.72,10131.82
2021-04-21,40515.72,10742.81
2021-04-22,38659.71,10575.65
2021-04-23,37387.50,10963.99
2021-04-24,36850.13,10689.31
2021-04-25,36064.77,10657.41
2021-04-26,35397.06,10576.04
2021-04-27,38885.66,10867.07
2021-04-28,39585.87,10996.97
2021-04-29,39311.86,10969.02
2021-04-30,38395.34,10971.95
2021-05-01,41772.26,10766.20
2021-05-02,41851.06,11028.43
2021-05-03,40973.66,11154.74
2021-05-04,41151.24,10885.01
2021-05-05,38345.39,10399.45
2021-05-06,41297.95,10548.14
2021-05-07,40598.92,10516.94
2021-05-08,41001.26,10611.53
2021-05-09,42100.39,10528.45
2021-05-10,41487.73,10869.17
2021-05-11,39520.41,11124.75
2021-05-12,40121.50,11233.90
2021-05-13,35367.96,11474.82
2021-05-14,35371.00,11260.10
2021-05-15,35355.77,11008.67
2021-05-16,33129.80,11257.01
2021-05-17,32916.76,11091.01
2021-05-18,30740.01,11058.56
2021-05-19,30269.42,11174.61
2021-05-20,26053.13,11231.00
2021-05-21,28619.55,11147.57
2021-05-22,26406.78,11060.02
2021-05-23,26523.06,10995.20
2021-05-24,24540.58,11475.17
2021-05-25,27407.43,11308.38
2021-05-26,27147.00,11380.99
2021-05-27,27854.64,11228.42
2021-05-28,27113.84,10963.95
2021-05-29,25148.30,11011.33
2021-05-30,24389.46,11038.17
2021-05-31,25147.12,11015.48
2021-06-01,26213.17,11542.84
2021-06-02,25926.40,11248.09
2021-06-03,26531.99,11012.62
2021-06-04,27815.47,10767.63
2021-06-05,26044.03,10707.44
2021-06-06,25096.65,10490.89
2021-06-07,25298.69,10592.00
2021-06-08,23695.32,10586.46
2021-06-09,23617.62,10437.75
2021-06-10,26496.08,Open
2021-06-11,25897.46,15696.83
2021-06-12,26468.30,15895.20
2021-06-13,25203.47,15794.92
2021-06-14,27636.46,15758.98
2021-06-15,28651.54,15722.91
2021-06-16,28527.56,15732.50
2021-06-17,27408.06,15852.14
2021-06-18,27335.00,15547.16
2021-06-19,25959.90,15024.15
2021-06-20,25748.92,15095.72
2021-06-21,25797.13,14751.78
2021-06-22,22711.32,14919.26
2021-06-23,23309.61,15263.10
2021-06-24,24116.31,15245.04
2021-06-25,24905.34,14708.02
2021-06-26,22754.54,14681.83
2021-06-27,23253.54,14582.22
2021-06-28,24955.69,14462.85
2021-06-29,24840.71,14046.22
2021-06-30,25944.71,13481.50
2021-07-01,25335.50,13610.87
2021-07-02,24383.75,13871.77
2021-07-03,24487.82,13710.99
2021-07-04,25079.08,13436.71
2021-07-05,25511.07,13812.19
2021-07-06,24340.69,14277.43
2021-07-07,24793.66,14494.47
2021-07-08,24557.93,14045.83
2021-07-09,23830.10,13958.48
2021-07-10,24312.04,14118.79
2021-07-11,24102.91,13984.43
2021-07-12,24646.72,14368.16
2021-07-13,23854.35,14228.68
2021-07-14,23703.26,14213.62
2021-07-15,23691.48,13768.97
2021-07-16,23026.70,13997.18
2021-07-17,22809.52,14038.92
2021-07-18,22908.74,14004.19
2021-07-19,23104.49,13735.40
2021-07-20,22562.83,13424.36
2021-07-21,21853.76,13511.75
2021-07-22,23438.49,12587.88
2021-07-23,23456.42,13485.26
2021-07-24,24422.91,13570.83
2021-07-25,24941.11,13716.70
2021-07-26,25720.51,13597.53
2021-07-27,26960.45,13837.59
2021-07-28,28456.36,13455.23
2021-07-29,28761.41,13328.36
2021-07-30,28664.36,12800.04
2021-07-31,30351.59,13113.70
2021-08-01,29817.23,13098.35
2021-08-02,28718.54,13229.77
2021-08-03,28205.47,12795.12
2021-08-04,27457.16,12685.23
2021-08-05,28615.21,13119.37
2021-08-06,29342.26,13360.72
2021-08-07,30870.50,13564.63
2021-08-08,32119.94,13860.39
2021-08-09,31580.55,13866.43
2021-08-10,33424.21,13990.35
2021-08-11,32958.23,14001.32
2021-08-12,32868.68,14194.72
2021-08-13,32176.92,14177.21
2021-08-14,34483.03,14500.39
2021-08-15,33968.05,14558.59
2021-08-16,33917.85,14444.78
2021-08-17,33188.72,14269.53
2021-08-18,32523.15,14304.35
2021-08-19,32555.63,14490.26
2021-08-20,34278.75,14002.58
2021-08-21,36203.36,13861.49
2021-08-22,35873.83,13830.47
2021-08-23,36178.81,13547.29
2021-08-24,36115.29,13584.69
2021-08-25,34774.51,13373.12
2021-08-26,35601.35,13647.43
2021-08-27,34228.48,13319.39
2021-08-28,35650.25,13312.44
2021-08-29,35533.04,13665.38
2021-08-30,35485.31,13623.70
2021-08-31,34177.15,13168.80
2021-09-01,34248.37,12749.17
2021-09-02,35441.87,12918.04
2021-09-03,35622.54,12500.88
2021-09-04,36068.78,12712.86
2021-09-05,36017.23,12710.42
2021-09-06,37357.55,12331.69
2021-09-07,38052.14,12511.46
2021-09-08,33984.13,12574.73
2021-09-09,33249.95,12787.52
2021-09-10,33526.97,12246.83
2021-09-11,32434.48,11923.03
2021-09-12,32675.58,11900.34
2021-09-13,33281.22,11645.57
2021-09-14,32491.14,11199.25
2021-09-15,34108.89,11555.97
2021-09-16,34781.71,11727.14
2021-09-17,34620.13,11905.57
2021-09-18,34404.54,11790.68
2021-09-19,35128.91,11364.40
2021-09-20,34424.88,11542.67
2021-09-21,31482.98,11396.28
2021-09-22,29784.64,11326.44
2021-09-23,31991.33,11225.03
2021-09-24,32719.28,11409.84
2021-09-25,31305.00,11869.69
2021-09-26,31217.85,12137.54
2021-09-27,31630.61,12176.89
2021-09-28,30801.76,11945.57
2021-09-29,30325.05,12097.12
2021-09-30,30945.72,12200.33
2021-10-01,32532.66,11925.81
2021-10-02,35537.63,12147.28
2021-10-03,35201.21,12016.47
2021-10-04,35525.77,11543.88
2021-10-05,36139.86,10986.85
2021-10-06,37783.44,10897.43
2021-10-07,40713.68,10968.40
2021-10-08,39504.23,10806.02
2021-10-09,39614.93,10697.55
2021-10-10,40366.42,10974.05
2021-10-11,40198.38,10941.95
2021-10-12,42325.37,11137.68
2021-10-13,41274.98,11351.31
2021-10-14,41974.37,11661.02
2021-10-15,41956.16,11542.24
2021-10-16,44823.21,11160.22
2021-10-17,44298.02,11048.25
2021-10-18,44727.39,11006.83
2021-10-19,45168.79,10964.18
2021-10-20,46607.03,11337.90
2021-10-21,47751.49,11422.60
2021-10-22,45129.07,11503.61
2021-10-23,44115.89,11524.49
2021-10-24,44597.48,11420.89
2021-10-25,44247.54,11056.55
2021-10-26,45796.77,11151.21
2021-10-27,43842.89,11379.36
2021-10-28,42580.32,11561.64
2021-10-29,43936.00,11515.00
2021-10-30,45479.98,11726.09
2021-10-31,45195.82,11914.15
2021-11-01,44814.95,12025.37
2021-11-02,44646.68,11837.96
2021-11-03,46450.82,11701.53
2021-11-04,45963.25,11756.19
2021-11-05,45498.90,12036.48
2021-11-06,45226.14,12239.69
2021-11-07,45603.02,12317.96
2021-11-08,46954.36,12287.67
2021-11-09,49800.84,12433.87
2021-11-10,49375.75,12675.04
2021-11-11,48448.00,12538.80
2021-11-12,48533.70,12703.72
2021-11-13,47825.64,12557.49
2021-11-14,48047.23,12793.44
2021-11-15,48837.60,12944.82
2021-11-16,47516.51,12866.31
2021-11-17,44801.01,12996.63
2021-11-18,44746.36,13082.64
2021-11-19,42147.46,12968.63
2021-11-20,43224.31,12937.79
2021-11-21,44425.82,12832.27
2021-11-22,43702.96,12523.16
2021-11-23,42027.75,12380.37
2021-11-24,43038.36,12375.15
2021-11-25,42888.36,12506.37
2021-11-26,44290.32,12630.58
2021-11-27,40286.74,12021.05
2021-11-28,41081.54,12093.06
2021-11-29,42945.90,11972.56
2021-11-30,43434.41,11707.44
2021-12-01,42803.10,11899.14
2021-12-02,43095.84,11643.03
2021-12-03,42489.07,11559.38
2021-12-04,40602.96,11679.86
2021-12-05,37182.32,11958.61
2021-12-06,37333.91,12174.94
2021-12-07,38137.54,11908.81
2021-12-08,38252.66,11680.41
2021-12-09,38193.54,11633.24
2021-12-10,36026.27,11401.21
2021-12-11,35612.96,11338.57
2021-12-12,37193.08,11440.14
2021-12-13,37802.00,11466.21
2021-12-14,35350.32,11167.38
2021-12-15,36568.90,10952.69
2021-12-16,36871.93,10833.38
2021-12-17,35768.70,10955.29
2021-12-18,34921.98,10817.52
2021-12-19,35370.73,10894.44
2021-12-20,35306.66,10697.71
2021-12-21,35494.07,10659.01
2021-12-22,36882.86,11054.72
2021-12-23,36421.96,11022.67
2021-12-24,37898.72,11129.04
2021-12-25,37986.89,10877.28
2021-12-26,37668.52,10659.95
2021-12-27,37904.64,10484.37
2021-12-28,37703.33,10437.00
2021-12-29,35452.88,10131.82
2021-12-30,34444.52,10742.81
2021-12-31,34946.84,10575.65
2022-01-01,34225.12,10963.99
2022-01-02,35236.97,10689.31
2022-01-03,35013.34,10657.41
2022-01-04,34458.62,10576.04
2022-01-05,33924.63,10867.07
2022-01-06,32140.67,10996.97
2022-01-07,31887.43,10969.02
2022-01-08,30571.16,10971.95
2022-01-09,30713.25,10766.20
2022-01-10,30835.37,11028.43
2022-01-11,30795.47,11154.74
2022-01-12,31351.99,10885.01
2022-01-13,32063.32,10399.45
2022-01-14,31063.70,10548.14
2022-01-15,31514.13,10516.94
2022-01-16,31568.91,10611.53
2022-01-17,31535.43,10528.45
2022-01-18,30957.85,10869.17
2022-01-19,31157.04,11124.75
2022-01-20,30672.63,11233.90
2022-01-21,29933.05,11474.82
2022-01-22,26903.41,11260.10
2022-01-23,25852.83,11008.67
2022-01-24,26761.55,11257.01
2022-01-25,27174.99,11091.01
2022-01-26,27351.18,11058.56
2022-01-27,27356.79,11174.61
2022-01-28,27734.09,11231.00
2022-01-29,28184.04,11147.57
2022-01-30,28460.95,11060.02
2022-01-31,28292.93,10995.20
2022-02-01,28621.97,11475.17
2022-02-02,28646.75,11308.38
2022-02-03,27237.85,11380.99
2022-02-04,27319.64,11228.42
2022-02-05,30655.98,10963.95
2022-02-06,30611.40,11011.33
2022-02-07,31335.90,11038.17
2022-02-08,32395.78,11015.48
2022-02-09,32550.56,11542.84
2022-02-10,32771.21,11248.09
2022-02-11,32157.67,11012.62
2022-02-12,31253.75,10767.63
2022-02-13,31142.16,10707.44
2022-02-14,31069.03,10490.89
2022-02-15,31470.50,10592.00
2022-02-16,32923.02,10586.46
2022-02-17,32351.04,10437.75
2022-02-18,29785.46,Open
2022-02-19,29443.46,15696.83
2022-02-20,29511.20,15895.20
2022-02-21,28270.22,15794.92
2022-02-22,27266.23,15758.98
2022-02-23,28174.83,15722.91
2022-02-24,27521.95,15732.50
2022-02-25,28668.01,15852.14
2022-02-26,29247.12,15547.16
2022-02-27,29161.80,15024.15
2022-02-28,28197.45,15095.72
2022-03-01,32181.68,14751.78
2022-03-02,33262.45,14919.26
2022-03-03,32788.27,15263.10
2022-03-04,31802.55,15245.04
2022-03-05,29596.27,14708.02
2022-03-06,29789.61,14681.83
2022-03-07,29087.22,14582.22
2022-03-08,29023.04,14462.85
2022-03-09,29577.78,14046.22
2022-03-10,31834.94,13481.50
2022-03-11,30100.94,13610.87
2022-03-12,29774.91,13871.77
2022-03-13,29822.99,13710.99
2022-03-14,29001.90,13436.71
2022-03-15,30488.08,13812.19
2022-03-16,30155.47,14277.43
2022-03-17,31307.98,14494.47
2022-03-18,31116.52,14045.83
2022-03-19,31708.26,13958.48
2022-03-20,32009.27,14118.79
2022-03-21,31343.02,13984.43
2022-03-22,31189.46,14368.16
2022-03-23,31934.23,14228.68
2022-03-24,32476.05,14213.62
2022-03-25,33320.95,13768.97
2022-03-26,33623.84,13997.18
2022-03-27,33740.45,14038.92
2022-03-28,35543.45,14004.19
2022-03-29,35956.14,13735.40
2022-03-30,36246.11,13424.36
2022-03-31,35822.53,13511.75
2022-04-01,34651.73,12587.88
2022-04-02,35295.01,13485.26
2022-04-03,34968.27,13570.83
2022-04-04,35441.83,13716.70
2022-04-05,35556.69,13597.53
2022-04-06,34828.18,13837.59
2022-04-07,33060.26,13455.23
2022-04-08,33288.61,13328.36
2022-04-09,32436.36,12800.04
2022-04-10,32819.17,13113.70
2022-04-11,32387.61,13098.35
2022-04-12,30357.19,13229.77
2022-04-13,30859.00,12795.12
2022-04-14,31375.04,12685.23
2022-04-15,30565.35,13119.37
2022-04-16,31050.79,13360.72
2022-04-17,30947.77,13564.63
2022-04-18,30423.46,13860.39
2022-04-19,31384.09,13866.43
2022-04-20,31892.51,13990.35
2022-04-21,31661.08,14001.32
2022-04-22,31115.07,14194.72
2022-04-23,30950.38,14177.21
2022-04-24,30747.61,14500.39
2022-04-25,30769.85,14558.59
2022-04-26,31754.28,14444.78
2022-04-27,30298.36,14269.53
2022-04-28,31293.43,14304.35
2022-04-29,31904.37,14490.26
2022-04-30,30721.62,14002.58
2022-05-01,29994.27,13861.49
2022-05-02,30608.78,13830.47
2022-05-03,30823.30,13547.29
2022-05-04,30201.81,13584.69
2022-05-05,31462.49,13373.12
2022-05-06,29584.08,13647.43
2022-05-07,29209.06,13319.39
2022-05-08,28771.79,13312.44
2022-05-09,27633.44,13665.38
2022-05-10,24540.40,13623.70
2022-05-11,25201.67,13168.80
2022-05-12,23653.41,12749.17
2022-05-13,23788.02,12918.04
2022-05-14,23883.73,12500.88
2022-05-15,24540.22,12712.86
2022-05-16,25538.95,12710.42
2022-05-17,24228.66,12331.69
2022-05-18,24364.47,12511.46
2022-05-19,23265.93,12574.73
2022-05-20,24320.55,12787.52
2022-05-21,23374.31,12246.83
2022-05-22,23567.67,11923.03
2022-05-23,24241.33,11900.34
2022-05-24,23156.87,11645.57
2022-05-25,23643.69,11199.25
2022-05-26,23489.98,11555.97
2022-05-27,23183.23,11727.14
2022-05-28,22664.02,11905.57
2022-05-29,22978.57,11790.68
2022-05-30,23322.27,11364.40
2022-05-31,25086.57,11542.67
2022-06-01,25213.02,11396.28
2022-06-02,23870.27,11326.44
2022-06-03,24222.42,11225.03
2022-06-04,23786.80,11409.84
2022-06-05,23890.08,11869.69
2022-06-06,23945.46,12137.54
2022-06-07,25050.15,12176.89
2022-06-08,24747.83,11945.57
2022-06-09,24094.18,12097.12
2022-06-10,24102.54,12200.33
2022-06-11,23617.27,11925.81
2022-06-12,23037.00,12147.28
2022-06-13,21780.38,12016.47
2022-06-14,18520.27,11543.88
2022-06-15,18479.64,10986.85
2022-06-16,18545.10,10897.43
2022-06-17,16505.62,10968.40
2022-06-18,16754.04,10806.02
2022-06-19,15550.20,10697.55
2022-06-20,16808.40,10974.05
2022-06-21,16810.30,10941.95
2022-06-22,16894.20,11137.68
2022-06-23,16313.73,11351.31
2022-06-24,17197.84,11661.02
2022-06-25,17313.06,11542.24
2022-06-26,17527.40,11160.22
2022-06-27,17120.22,11048.25
2022-06-28,16901.08,11006.83
2022-06-29,16640.54,10964.18
2022-06-30,16578.68,11337.90
2022-07-01,16299.34,11422.60
2022-07-02,15923.04,11503.61
2022-07-03,15895.99,11524.49
2022-07-04,15946.16,11420.89
2022-07-05,16696.37,11056.55
2022-07-06,16897.81,11151.21
2022-07-07,17234.79,11379.36
2022-07-08,17986.92,11561.64
2022-07-09,18044.73,11515.00
2022-07-10,17948.45,11726.09
2022-07-11,17355.70,11914.15
2022-07-12,16782.83,12025.37
2022-07-13,16270.73,11837.96
2022-07-14,17035.76,11701.53
2022-07-15,17374.52,11756.19
2022-07-16,17574.11,12036.48
2022-07-17,17879.33,12239.69
2022-07-18,17478.21,12317.96
2022-07-19,18803.05,12287.67
2022-07-20,19487.70,12433.87
2022-07-21,19413.06,12675.04
2022-07-22,19310.48,12538.80
2022-07-23,18915.39,12703.72
2022-07-24,18714.24,12557.49
2022-07-25,18862.14,12793.44
2022-07-26,17721.27,12944.82
2022-07-27,17651.38,12866.31
2022-07-28,18856.57,12996.63
2022-07-29,19588.70,13082.64
2022-07-30,19545.64,12968.63
2022-07-31,19426.75,12937.79
2022-08-01,19178.49,12832.27
2022-08-02,19019.52,12523.16
2022-08-03,18925.29,12380.37
2022-08-04,18823.57,12375.15
2022-08-05,18610.07,12506.37
2022-08-06,19292.96,12630.58
2022-08-07,19021.34,12021.05
2022-08-08,19218.45,12093.06
2022-08-09,19702.76,11972.56
2022-08-10,19188.01,11707.44
2022-08-11,19612.50,11899.14
2022-08-12,19645.34,11643.03
2022-08-13,20097.76,11559.38
2022-08-14,20119.89,11679.86
2022-08-15,20052.40,11958.61
2022-08-16,20011.16,12174.94
2022-08-17,19744.79,11908.81
2022-08-18,19377.15,11680.41
2022-08-19,19456.79,11633.24
2022-08-20,17646.01,11401.21
2022-08-21,17887.81,11338.57
2022-08-22,18201.47,11440.14
2022-08-23,18189.67,11466.21
2022-08-24,18196.42,11167.38
2022-08-25,18146.58,10952.69
2022-08-26,18266.14,10833.38
2022-08-27,17271.13,10955.29
2022-08-28,17056.92,10817.52
2022-08-29,16779.43,10894.44
2022-08-30,17317.27,10697.71
2022-08-31,16983.39,10659.01
2022-09-01,17289.34,11054.72
2022-09-02,17429.66,11022.67
2022-09-03,17343.10,11129.04
2022-09-04,17223.91,10877.28
2022-09-05,17422.75,10659.95
2022-09-06,17135.34,10484.37
2022-09-07,16365.71,10437.00
2022-09-08,16745.35,10131.82
2022-09-09,16777.62,10742.81
2022-09-10,18433.14,10575.65
2022-09-11,18697.63,10963.99
2022-09-12,18734.98,10689.31
2022-09-13,19138.18,10657.41
2022-09-14,17547.77,10576.04
2022-09-15,17534.24,10867.07
2022-09-16,17205.95,10996.97
2022-09-17,17326.24,10969.02
2022-09-18,17633.07,10971.95
2022-09-19,16982.72,10766.20
2022-09-20,17078.02,11028.43
2022-09-21,16599.34,11154.74
2022-09-22,16464.44,10885.01
2022-09-23,17235.88,10399.45
2022-09-24,17793.45,10548.14
2022-09-25,17439.17,10516.94
2022-09-26,17422.49,10611.53
2022-09-27,17853.30,10528.45
2022-09-28,17810.59,10869.17
2022-09-29,17936.62,11124.75
2022-09-30,17519.88,11233.90
2022-10-01,17391.91,11474.82
2022-10-02,17320.04,11260.10
2022-10-03,17101.95,11008.67
2022-10-04,17307.20,11257.01
2022-10-05,17758.93,11091.01
2022-10-06,17752.42,11058.56
2022-10-07,17880.84,11174.61
2022-10-08,17618.36,11231.00
2022-10-09,17514.53,11147.57
2022-10-10,17561.51,11060.02
2022-10-11,17274.19,10995.20
2022-10-12,17377.46,11475.17
2022-10-13,17257.52,11308.38
2022-10-14,17150.25,11380.99
2022-10-15,17173.56,11228.42
2022-10-16,17069.25,10963.95
2022-10-17,17140.29,11011.33
2022-10-18,17221.97,11038.17
2022-10-19,17046.22,11015.48
2022-10-20,17076.99,11542.84
2022-10-21,16978.21,11248.09
2022-10-22,16959.96,11012.62
2022-10-23,16991.24,10767.63
2022-10-24,17261.49,10707.44
2022-10-25,17110.27,10490.89
2022-10-26,17531.22,10592.00
2022-10-27,17847.08,10586.46
2022-10-28,17542.24,10437.75
2022-10-29,17733.76,Open
2022-10-30,17925.68,15696.83
2022-10-31,17795.35,15895.20
2022-11-01,17872.02,15794.92
2022-11-02,17827.69,15758.98
2022-11-03,17711.97,15722.91
2022-11-04,18091.13,15732.50
2022-11-05,18580.70,15852.14
2022-11-06,18708.03,15547.16
2022-11-07,18466.79,15024.15
2022-11-08,17893.06,15095.72
2022-11-09,16052.35,14751.78
2022-11-10,13971.46,14919.26
2022-11-11,15035.54,15263.10
2022-11-12,14405.56,15245.04
2022-11-13,14191.95,14708.02
2022-11-14,13861.53,14681.83
2022-11-15,14139.82,14582.22
2022-11-16,14212.87,14462.85
2022-11-17,13991.94,14046.22
2022-11-18,14071.96,13481.50
2022-11-19,14041.05,13610.87
2022-11-20,14058.06,13871.77
2022-11-21,13707.26,13710.99
2022-11-22,13344.87,13436.71
2022-11-23,13616.91,13812.19
2022-11-24,13755.10,14277.43
2022-11-25,13706.87,14494.47
2022-11-26,13662.11,14045.83
2022-11-27,13616.65,13958.48
2022-11-28,13638.64,14118.79
2022-11-29,13559.96,13984.43
2022-11-30,13765.88,14368.16
2022-12-01,14217.54,14228.68
2022-12-02,13842.24,14213.62
2022-12-03,13900.90,13768.97
2022-12-04,13746.48,13997.18
2022-12-05,13930.26,14038.92
2022-12-06,13922.41,14004.19
2022-12-07,14085.84,13735.40
2022-12-08,13798.11,13424.36
2022-12-09,14086.09,13511.75
2022-12-10,13970.30,12587.88
2022-12-11,13974.88,13485.26
2022-12-12,13977.60,13570.83
2022-12-13,14024.09,13716.70
2022-12-14,14392.84,13597.53
2022-12-15,14344.15,13837.59
2022-12-16,14244.02,13455.23
2022-12-17,13703.48,13328.36
2022-12-18,13830.38,12800.04
2022-12-19,13782.77,13113.70
2022-12-20,13526.77,13098.35
2022-12-21,13869.40,13229.77
2022-12-22,13926.64,12795.12
2022-12-23,13980.79,12685.23
2022-12-24,13933.70,13119.37