DATE,NASDAQCOM
1995-01-03,743.58
1995-01-04,745.84
1995-01-05,745.66
1995-01-06,749.69
1995-01-09,752.09
1995-01-10,756.52
1995-01-11,755.74
1995-01-12,756.51
1995-01-13,762.16
1995-01-16,768.16
1995-01-17,772.14
1995-01-18,772.38
1995-01-19,768.55
1995-01-20,762.05
1995-01-23,759.51
1995-01-24,763.20
1995-01-25,760.98
1995-01-26,757.56
1995-01-27,758.91
1995-01-30,751.83
1995-01-31,755.20
1995-02-01,758.31
1995-02-02,763.64
1995-02-03,772.06
1995-02-06,778.85
1995-02-07,778.97
1995-02-08,783.77
1995-02-09,785.44
1995-02-10,790.43
1995-02-13,789.42
1995-02-14,790.62
1995-02-15,795.63
1995-02-16,793.31
1995-02-17,786.97
1995-02-20,.
1995-02-21,784.62
1995-02-22,787.93
1995-02-23,791.35
1995-02-24,791.08
1995-02-27,784.50
1995-02-28,793.73
1995-03-01,791.87
1995-03-02,793.68
1995-03-03,798.79
1995-03-06,797.77
1995-03-07,791.33
1995-03-08,795.81
1995-03-09,796.24
1995-03-10,802.22
1995-03-13,802.31
1995-03-14,808.24
1995-03-15,807.38
1995-03-16,809.34
1995-03-17,808.33
1995-03-20,810.49
1995-03-21,809.78
1995-03-22,809.10
1995-03-23,811.39
1995-03-24,818.66
1995-03-27,822.63
1995-03-28,826.14
1995-03-29,819.16
1995-03-30,816.86
1995-03-31,817.21
1995-04-03,818.05
1995-04-04,813.72
1995-04-05,816.32
1995-04-06,813.80
1995-04-07,814.69
1995-04-10,821.26
1995-04-11,824.83
1995-04-12,828.53
1995-04-13,832.64
1995-04-14,.
1995-04-17,830.82
1995-04-18,825.74
1995-04-19,816.55
1995-04-20,819.01
1995-04-21,823.44
1995-04-24,828.91
1995-04-25,831.28
1995-04-26,836.91
1995-04-27,840.95
1995-04-28,843.98
1995-05-01,841.63
1995-05-02,841.79
1995-05-03,850.26
1995-05-04,846.75
1995-05-05,843.53
1995-05-08,849.29
1995-05-09,848.17
1995-05-10,847.62
1995-05-11,853.83
1995-05-12,858.94
1995-05-15,863.06
1995-05-16,868.25
1995-05-17,871.93
1995-05-18,864.06
1995-05-19,864.32
1995-05-22,871.18
1995-05-23,879.64
1995-05-24,877.98
1995-05-25,877.32
1995-05-26,871.87
1995-05-29,.
1995-05-30,858.70
1995-05-31,864.58
1995-06-01,868.82
1995-06-02,872.97
1995-06-05,882.85
1995-06-06,879.40
1995-06-07,881.58
1995-06-08,886.13
1995-06-09,884.38
1995-06-12,887.98
1995-06-13,894.23
1995-06-14,895.72
1995-06-15,902.68
1995-06-16,908.65
1995-06-19,922.09
1995-06-20,929.83
1995-06-21,929.19
1995-06-22,940.09
1995-06-23,938.87
1995-06-26,926.98
1995-06-27,919.56
1995-06-28,920.52
1995-06-29,926.81
1995-06-30,933.45
1995-07-03,934.53
1995-07-04,.
1995-07-05,941.82
1995-07-06,952.93
1995-07-07,969.76
1995-07-10,976.62
1995-07-11,970.22
1995-07-12,988.63
1995-07-13,994.15
1995-07-14,999.33
1995-07-17,1005.89
1995-07-18,988.53
1995-07-19,952.87
1995-07-20,960.57
1995-07-21,961.77
1995-07-24,978.57
1995-07-25,993.75
1995-07-26,1000.18
1995-07-27,1010.66
1995-07-28,1005.28
1995-07-31,1001.21
1995-08-01,991.11
1995-08-02,983.75
1995-08-03,982.70
1995-08-04,991.09
1995-08-07,995.22
1995-08-08,997.12
1995-08-09,1005.10
1995-08-10,1000.61
1995-08-11,1004.11
1995-08-14,1012.44
1995-08-15,1012.37
1995-08-16,1025.75
1995-08-17,1029.24
1995-08-18,1031.28
1995-08-21,1019.70
1995-08-22,1025.29
1995-08-23,1028.19
1995-08-24,1020.93
1995-08-25,1019.97
1995-08-28,1008.15
1995-08-29,1003.64
1995-08-30,1012.61
1995-08-31,1020.11
1995-09-01,1019.47
1995-09-04,.
1995-09-05,1039.30
1995-09-06,1044.28
1995-09-07,1051.08
1995-09-08,1060.03
1995-09-11,1066.56
1995-09-12,1065.00
1995-09-13,1067.40
1995-09-14,1066.96
1995-09-15,1051.10
1995-09-18,1050.18
1995-09-19,1060.32
1995-09-20,1065.09
1995-09-21,1058.51
1995-09-22,1053.39
1995-09-25,1046.15
1995-09-26,1038.05
1995-09-27,1026.54
1995-09-28,1047.05
1995-09-29,1043.54
1995-10-02,1027.57
1995-10-03,1020.45
1995-10-04,1002.27
1995-10-05,1014.20
1995-10-06,1012.04
1995-10-09,984.74
1995-10-10,983.47
1995-10-11,1001.57
1995-10-12,1015.63
1995-10-13,1018.38
1995-10-16,1018.13
1995-10-17,1035.44
1995-10-18,1045.13
1995-10-19,1046.97
1995-10-20,1039.53
1995-10-23,1036.92
1995-10-24,1039.24
1995-10-25,1026.47
1995-10-26,1017.57
1995-10-27,1025.55
1995-10-30,1039.69
1995-10-31,1036.06
1995-11-01,1040.50
1995-11-02,1057.32
1995-11-03,1065.66
1995-11-06,1062.14
1995-11-07,1043.90
1995-11-08,1047.94
1995-11-09,1065.59
1995-11-10,1063.87
1995-11-13,1058.46
1995-11-14,1040.62
1995-11-15,1041.85
1995-11-16,1044.48
1995-11-17,1045.03
1995-11-20,1029.47
1995-11-21,1024.99
1995-11-22,1021.24
1995-11-23,.
1995-11-24,1030.17
1995-11-27,1029.32
1995-11-28,1050.05
1995-11-29,1057.57
1995-11-30,1059.20
1995-12-01,1055.31
1995-12-04,1069.79
1995-12-05,1065.89
1995-12-06,1061.73
1995-12-07,1053.17
1995-12-08,1062.41
1995-12-11,1061.50
1995-12-12,1052.07
1995-12-13,1056.54
1995-12-14,1038.19
1995-12-15,1030.48
1995-12-18,1002.56
1995-12-19,1026.41
1995-12-20,1025.27
1995-12-21,1040.64
1995-12-22,1046.89
1995-12-25,.
1995-12-26,1049.37
1995-12-27,1048.13
1995-12-28,1042.22
1995-12-29,1052.13
1996-01-01,.
1996-01-02,1058.65
1996-01-03,1046.26
1996-01-04,1029.82
1996-01-05,1033.47
1996-01-08,1032.37
1996-01-09,998.81
1996-01-10,990.21
1996-01-11,1011.10
1996-01-12,1008.23
1996-01-15,988.57
1996-01-16,995.87
1996-01-17,998.30
1996-01-18,1007.24
1996-01-19,1018.45
1996-01-22,1029.44
1996-01-23,1028.04
1996-01-24,1043.46
1996-01-25,1035.95
1996-01-26,1040.96
1996-01-29,1042.51
1996-01-30,1051.30
1996-01-31,1059.79
1996-02-01,1069.46
1996-02-02,1072.11
1996-02-05,1083.34
1996-02-06,1089.08
1996-02-07,1084.88
1996-02-08,1093.17
1996-02-09,1094.60
1996-02-12,1095.38
1996-02-13,1087.22
1996-02-14,1088.03
1996-02-15,1090.54
1996-02-16,1090.71
1996-02-19,.
1996-02-20,1083.24
1996-02-21,1096.85
1996-02-22,1117.11
1996-02-23,1117.79
1996-02-26,1113.05
1996-02-27,1106.17
1996-02-28,1107.55
1996-02-29,1100.05
1996-03-01,1086.08
1996-03-04,1084.88
1996-03-05,1096.81
1996-03-06,1091.82
1996-03-07,1093.12
1996-03-08,1063.73
1996-03-11,1080.50
1996-03-12,1073.05
1996-03-13,1088.64
1996-03-14,1091.07
1996-03-15,1099.59
1996-03-18,1114.42
1996-03-19,1112.50
1996-03-20,1101.82
1996-03-21,1099.79
1996-03-22,1102.22
1996-03-25,1087.09
1996-03-26,1088.35
1996-03-27,1093.88
1996-03-28,1094.83
1996-03-29,1101.40
1996-04-01,1106.57
1996-04-02,1111.29
1996-04-03,1115.85
1996-04-04,1118.21
1996-04-05,.
1996-04-08,1105.66
1996-04-09,1109.15
1996-04-10,1105.28
1996-04-11,1097.14
1996-04-12,1100.94
1996-04-15,1110.44
1996-04-16,1124.92
1996-04-17,1120.87
1996-04-18,1136.30
1996-04-19,1138.70
1996-04-22,1153.50
1996-04-23,1166.76
1996-04-24,1176.83
1996-04-25,1184.17
1996-04-26,1186.89
1996-04-29,1188.20
1996-04-30,1190.52
1996-05-01,1199.66
1996-05-02,1178.33
1996-05-03,1184.60
1996-05-06,1186.31
1996-05-07,1182.67
1996-05-08,1183.43
1996-05-09,1187.82
1996-05-10,1202.76
1996-05-13,1221.87
1996-05-14,1234.49
1996-05-15,1233.56
1996-05-16,1239.31
1996-05-17,1241.88
1996-05-20,1248.11
1996-05-21,1244.42
1996-05-22,1247.38
1996-05-23,1248.65
1996-05-24,1247.80
1996-05-27,.
1996-05-28,1236.30
1996-05-29,1225.63
1996-05-30,1233.48
1996-05-31,1243.43
1996-06-03,1238.73
1996-06-04,1243.68
1996-06-05,1249.15
1996-06-06,1232.52
1996-06-07,1229.76
1996-06-10,1230.04
1996-06-11,1230.76
1996-06-12,1235.47
1996-06-13,1225.65
1996-06-14,1213.18
1996-06-17,1207.64
1996-06-18,1183.08
1996-06-19,1179.27
1996-06-20,1167.34
1996-06-21,1175.44
1996-06-24,1182.90
1996-06-25,1172.58
1996-06-26,1153.29
1996-06-27,1166.01
1996-06-28,1185.02
1996-07-01,1197.45
1996-07-02,1191.15
1996-07-03,1181.60
1996-07-04,.
1996-07-05,1158.35
1996-07-08,1148.82
1996-07-09,1153.59
1996-07-10,1141.19
1996-07-11,1106.36
1996-07-12,1103.49
1996-07-15,1060.19
1996-07-16,1053.47
1996-07-17,1086.65
1996-07-18,1109.82
1996-07-19,1097.68
1996-07-22,1081.39
1996-07-23,1049.07
1996-07-24,1042.37
1996-07-25,1062.39
1996-07-26,1079.44
1996-07-29,1066.47
1996-07-30,1071.95
1996-07-31,1080.59
1996-08-01,1098.85
1996-08-02,1124.92
1996-08-05,1120.53
1996-08-06,1128.87
1996-08-07,1141.11
1996-08-08,1137.51
1996-08-09,1137.27
1996-08-12,1138.27
1996-08-13,1126.15
1996-08-14,1133.51
1996-08-15,1134.69
1996-08-16,1133.65
1996-08-19,1130.91
1996-08-20,1124.67
1996-08-21,1126.84
1996-08-22,1143.96
1996-08-23,1143.05
1996-08-26,1139.22
1996-08-27,1149.02
1996-08-28,1153.88
1996-08-29,1145.03
1996-08-30,1141.50
1996-09-02,.
1996-09-03,1142.29
1996-09-04,1143.82
1996-09-05,1125.66
1996-09-06,1139.39
1996-09-09,1148.71
1996-09-10,1149.43
1996-09-11,1153.95
1996-09-12,1165.81
1996-09-13,1188.67
1996-09-16,1193.96
1996-09-17,1203.31
1996-09-18,1205.71
1996-09-19,1212.09
1996-09-20,1219.69
1996-09-23,1211.47
1996-09-24,1215.27
1996-09-25,1224.66
1996-09-26,1227.98
1996-09-27,1230.05
1996-09-30,1226.92
1996-10-01,1221.51
1996-10-02,1236.11
1996-10-03,1233.09
1996-10-04,1247.56
1996-10-07,1250.87
1996-10-08,1240.15
1996-10-09,1237.98
1996-10-10,1236.97
1996-10-11,1248.27
1996-10-14,1256.36
1996-10-15,1258.10
1996-10-16,1250.99
1996-10-17,1241.96
1996-10-18,1242.48
1996-10-21,1236.41
1996-10-22,1220.00
1996-10-23,1227.88
1996-10-24,1227.00
1996-10-25,1222.60
1996-10-28,1215.89
1996-10-29,1203.05
1996-10-30,1206.23
1996-10-31,1221.51
1996-11-01,1221.78
1996-11-04,1220.48
1996-11-05,1229.07
1996-11-06,1245.49
1996-11-07,1254.14
1996-11-08,1257.51
1996-11-11,1262.67
1996-11-12,1256.53
1996-11-13,1260.72
1996-11-14,1270.36
1996-11-15,1261.80
1996-11-18,1254.57
1996-11-19,1262.62
1996-11-20,1264.94
1996-11-21,1258.08
1996-11-22,1274.36
1996-11-25,1280.37
1996-11-26,1281.20
1996-11-27,1287.32
1996-11-28,.
1996-11-29,1292.61
1996-12-02,1299.82
1996-12-03,1300.37
1996-12-04,1297.02
1996-12-05,1300.12
1996-12-06,1287.68
1996-12-09,1316.27
1996-12-10,1312.55
1996-12-11,1309.12
1996-12-12,1298.33
1996-12-13,1284.91
1996-12-16,1260.98
1996-12-17,1266.32
1996-12-18,1285.38
1996-12-19,1295.86
1996-12-20,1288.56
1996-12-23,1279.52
1996-12-24,1287.63
1996-12-25,.
1996-12-26,1294.57
1996-12-27,1291.38
1996-12-30,1287.75
1996-12-31,1291.03
1997-01-01,.
1997-01-02,1280.70
1997-01-03,1310.68
1997-01-06,1316.40
1997-01-07,1327.73
1997-01-08,1320.35
1997-01-09,1326.20
1997-01-10,1332.02
1997-01-13,1330.91
1997-01-14,1346.36
1997-01-15,1333.53
1997-01-16,1340.58
1997-01-17,1349.05
1997-01-20,1364.28
1997-01-21,1376.97
1997-01-22,1388.06
1997-01-23,1378.37
1997-01-24,1363.83
1997-01-27,1352.81
1997-01-28,1354.37
1997-01-29,1355.17
1997-01-30,1371.02
1997-01-31,1379.85
1997-02-03,1376.05
1997-02-04,1373.75
1997-02-05,1348.44
1997-02-06,1346.40
1997-02-07,1357.71
1997-02-10,1335.34
1997-02-11,1331.51
1997-02-12,1358.96
1997-02-13,1370.81
1997-02-14,1367.19
1997-02-17,.
1997-02-18,1365.79
1997-02-19,1365.58
1997-02-20,1347.40
1997-02-21,1334.32
1997-02-24,1345.08
1997-02-25,1347.69
1997-02-26,1340.55
1997-02-27,1312.66
1997-02-28,1309.00
1997-03-03,1311.18
1997-03-04,1317.37
1997-03-05,1329.09
1997-03-06,1315.43
1997-03-07,1311.80
1997-03-10,1322.72
1997-03-11,1316.76
1997-03-12,1304.13
1997-03-13,1293.28
1997-03-14,1292.97
1997-03-17,1279.43
1997-03-18,1269.34
1997-03-19,1249.29
1997-03-20,1259.26
1997-03-21,1254.07
1997-03-24,1242.64
1997-03-25,1248.06
1997-03-26,1269.08
1997-03-27,1249.51
1997-03-28,.
1997-03-31,1221.70
1997-04-01,1216.93
1997-04-02,1201.00
1997-04-03,1213.76
1997-04-04,1236.73
1997-04-07,1251.35
1997-04-08,1257.37
1997-04-09,1249.43
1997-04-10,1235.77
1997-04-11,1206.90
1997-04-14,1216.41
1997-04-15,1212.88
1997-04-16,1210.27
1997-04-17,1217.07
1997-04-18,1222.57
1997-04-21,1203.95
1997-04-22,1212.74
1997-04-23,1227.14
1997-04-24,1228.10
1997-04-25,1209.29
1997-04-28,1217.03
1997-04-29,1242.63
1997-04-30,1260.76
1997-05-01,1270.50
1997-05-02,1305.33
1997-05-05,1339.24
1997-05-06,1328.30
1997-05-07,1322.91
1997-05-08,1330.83
1997-05-09,1335.05
1997-05-12,1344.19
1997-05-13,1333.59
1997-05-14,1335.55
1997-05-15,1353.58
1997-05-16,1340.73
1997-05-19,1341.24
1997-05-20,1363.88
1997-05-21,1373.75
1997-05-22,1372.60
1997-05-23,1389.72
1997-05-26,.
1997-05-27,1409.21
1997-05-28,1410.18
1997-05-29,1403.04
1997-05-30,1400.32
1997-06-02,1404.79
1997-06-03,1384.91
1997-06-04,1379.67
1997-06-05,1390.05
1997-06-06,1404.84
1997-06-09,1412.04
1997-06-10,1401.69
1997-06-11,1407.85
1997-06-12,1411.32
1997-06-13,1423.03
1997-06-16,1431.95
1997-06-17,1443.11
1997-06-18,1432.43
1997-06-19,1447.14
1997-06-20,1447.10
1997-06-23,1434.32
1997-06-24,1452.43
1997-06-25,1446.24
1997-06-26,1436.38
1997-06-27,1438.15
1997-06-30,1442.07
1997-07-01,1438.25
1997-07-02,1455.61
1997-07-03,1467.61
1997-07-04,.
1997-07-07,1470.74
1997-07-08,1485.10
1997-07-09,1486.63
1997-07-10,1490.93
1997-07-11,1502.62
1997-07-14,1523.88
1997-07-15,1542.11
1997-07-16,1580.63
1997-07-17,1568.85
1997-07-18,1547.99
1997-07-21,1536.23
1997-07-22,1563.86
1997-07-23,1567.65
1997-07-24,1569.13
1997-07-25,1569.58
1997-07-28,1563.53
1997-07-29,1572.32
1997-07-30,1588.05
1997-07-31,1593.81
1997-08-01,1594.33
1997-08-04,1605.45
1997-08-05,1621.53
1997-08-06,1630.44
1997-08-07,1624.18
1997-08-08,1598.52
1997-08-11,1586.74
1997-08-12,1576.24
1997-08-13,1583.40
1997-08-14,1586.69
1997-08-15,1562.03
1997-08-18,1569.52
1997-08-19,1600.71
1997-08-20,1628.70
1997-08-21,1607.36
1997-08-22,1598.69
1997-08-25,1601.57
1997-08-26,1591.30
1997-08-27,1595.54
1997-08-28,1581.32
1997-08-29,1587.32
1997-09-01,.
1997-09-02,1618.09
1997-09-03,1618.24
1997-09-04,1624.63
1997-09-05,1635.77
1997-09-08,1645.35
1997-09-09,1656.22
1997-09-10,1639.25
1997-09-11,1639.86
1997-09-12,1649.33
1997-09-15,1634.92
1997-09-16,1668.60
1997-09-17,1666.47
1997-09-18,1670.02
1997-09-19,1680.36
1997-09-22,1689.45
1997-09-23,1697.36
1997-09-24,1687.41
1997-09-25,1678.89
1997-09-26,1682.24
1997-09-29,1694.98
1997-09-30,1685.69
1997-10-01,1690.30
1997-10-02,1702.41
1997-10-03,1715.87
1997-10-06,1721.91
1997-10-07,1737.27
1997-10-08,1741.77
1997-10-09,1745.85
1997-10-10,1739.03
1997-10-13,1742.12
1997-10-14,1732.79
1997-10-15,1723.37
1997-10-16,1699.66
1997-10-17,1666.85
1997-10-20,1685.45
1997-10-21,1712.54
1997-10-22,1708.08
1997-10-23,1671.25
1997-10-24,1650.92
1997-10-27,1535.09
1997-10-28,1603.02
1997-10-29,1602.75
1997-10-30,1570.41
1997-10-31,1593.61
1997-11-03,1629.98
1997-11-04,1631.15
1997-11-05,1637.33
1997-11-06,1623.44
1997-11-07,1602.40
1997-11-10,1590.72
1997-11-11,1584.86
1997-11-12,1541.72
1997-11-13,1559.25
1997-11-14,1583.51
1997-11-17,1614.11
1997-11-18,1600.44
1997-11-19,1601.22
1997-11-20,1626.56
1997-11-21,1620.75
1997-11-24,1586.99
1997-11-25,1589.04
1997-11-26,1594.50
1997-11-27,.
1997-11-28,1600.55
1997-12-01,1630.72
1997-12-02,1606.37
1997-12-03,1615.13
1997-12-04,1613.42
1997-12-05,1633.90
1997-12-08,1651.54
1997-12-09,1620.55
1997-12-10,1596.61
1997-12-11,1558.54
1997-12-12,1536.58
1997-12-15,1536.56
1997-12-16,1553.00
1997-12-17,1547.37
1997-12-18,1523.19
1997-12-19,1524.74
1997-12-22,1532.06
1997-12-23,1509.91
1997-12-24,1499.53
1997-12-25,.
1997-12-26,1511.38
1997-12-29,1537.45
1997-12-30,1565.03
1997-12-31,1570.35
1998-01-01,.
1998-01-02,1581.53
1998-01-05,1594.12
1998-01-06,1580.14
1998-01-07,1561.70
1998-01-08,1555.54
1998-01-09,1503.22
1998-01-12,1507.58
1998-01-13,1541.63
1998-01-14,1548.76
1998-01-15,1547.06
1998-01-16,1562.88
1998-01-19,.
1998-01-20,1590.14
1998-01-21,1587.92
1998-01-22,1576.51
1998-01-23,1575.93
1998-01-26,1561.46
1998-01-27,1578.90
1998-01-28,1610.82
1998-01-29,1619.49
1998-01-30,1619.36
1998-02-02,1652.89
1998-02-03,1666.34
1998-02-04,1680.44
1998-02-05,1676.90
1998-02-06,1694.35
1998-02-09,1690.43
1998-02-10,1709.04
1998-02-11,1708.55
1998-02-12,1714.34
1998-02-13,1710.42
1998-02-16,.
1998-02-17,1703.43
1998-02-18,1715.73
1998-02-19,1727.01
1998-02-20,1728.13
1998-02-23,1751.76
1998-02-24,1738.71
1998-02-25,1766.48
1998-02-26,1777.11
1998-02-27,1770.51
1998-03-02,1758.54
1998-03-03,1757.14
1998-03-04,1759.70
1998-03-05,1711.92
1998-03-06,1753.49
1998-03-09,1725.16
1998-03-10,1748.51
1998-03-11,1756.85
1998-03-12,1764.06
1998-03-13,1771.66
1998-03-16,1788.18
1998-03-17,1779.30
1998-03-18,1788.28
1998-03-19,1799.98
1998-03-20,1789.16
1998-03-23,1792.51
1998-03-24,1812.44
1998-03-25,1824.51
1998-03-26,1828.54
1998-03-27,1823.62
1998-03-30,1818.70
1998-03-31,1835.68
1998-04-01,1847.66
1998-04-02,1852.96
1998-04-03,1855.40
1998-04-06,1829.14
1998-04-07,1798.71
1998-04-08,1807.01
1998-04-09,1820.24
1998-04-10,.
1998-04-13,1824.95
1998-04-14,1843.03
1998-04-15,1863.26
1998-04-16,1858.24
1998-04-17,1866.60
1998-04-20,1887.14
1998-04-21,1903.87
1998-04-22,1917.61
1998-04-23,1881.39
1998-04-24,1868.96
1998-04-27,1820.31
1998-04-28,1831.77
1998-04-29,1851.64
1998-04-30,1868.41
1998-05-01,1873.44
1998-05-04,1878.86
1998-05-05,1864.91
1998-05-06,1856.68
1998-05-07,1835.14
1998-05-08,1864.37
1998-05-11,1848.07
1998-05-12,1860.16
1998-05-13,1866.18
1998-05-14,1865.36
1998-05-15,1846.77
1998-05-18,1831.62
1998-05-19,1845.87
1998-05-20,1831.75
1998-05-21,1820.99
1998-05-22,1805.00
1998-05-25,.
1998-05-26,1778.09
1998-05-27,1781.10
1998-05-28,1794.62
1998-05-29,1778.87
1998-06-01,1746.82
1998-06-02,1761.79
1998-06-03,1742.31
1998-06-04,1769.95
1998-06-05,1782.92
1998-06-08,1787.77
1998-06-09,1800.76
1998-06-10,1773.25
1998-06-11,1749.75
1998-06-12,1745.05
1998-06-15,1715.75
1998-06-16,1753.12
1998-06-17,1776.40
1998-06-18,1772.70
1998-06-19,1781.29
1998-06-22,1805.82
1998-06-23,1844.57
1998-06-24,1877.76
1998-06-25,1863.25
1998-06-26,1869.53
1998-06-29,1891.08
1998-06-30,1894.74
1998-07-01,1914.46
1998-07-02,1894.00
1998-07-03,.
1998-07-06,1909.47
1998-07-07,1908.11
1998-07-08,1935.39
1998-07-09,1939.82
1998-07-10,1943.04
1998-07-13,1965.53
1998-07-14,1968.41
1998-07-15,1994.54
1998-07-16,2000.56
1998-07-17,2008.76
1998-07-20,2014.25
1998-07-21,1979.14
1998-07-22,1969.75
1998-07-23,1935.22
1998-07-24,1930.99
1998-07-27,1933.26
1998-07-28,1896.53
1998-07-29,1881.49
1998-07-30,1919.58
1998-07-31,1872.39
1998-08-03,1851.10
1998-08-04,1785.64
1998-08-05,1788.20
1998-08-06,1829.51
1998-08-07,1846.77
1998-08-10,1839.21
1998-08-11,1792.70
1998-08-12,1825.53
1998-08-13,1802.54
1998-08-14,1790.19
1998-08-17,1818.04
1998-08-18,1855.12
1998-08-19,1842.69
1998-08-20,1832.45
1998-08-21,1797.61
1998-08-24,1790.82
1998-08-25,1798.17
1998-08-26,1768.13
1998-08-27,1686.41
1998-08-28,1639.68
1998-08-31,1499.25
1998-09-01,1575.09
1998-09-02,1592.85
1998-09-03,1571.86
1998-09-04,1566.52
1998-09-07,.
1998-09-08,1660.86
1998-09-09,1624.55
1998-09-10,1585.33
1998-09-11,1641.64
1998-09-14,1665.69
1998-09-15,1678.11
1998-09-16,1689.91
1998-09-17,1646.25
1998-09-18,1663.77
1998-09-21,1680.43
1998-09-22,1697.80
1998-09-23,1760.27
1998-09-24,1720.34
1998-09-25,1743.59
1998-09-28,1739.22
1998-09-29,1734.05
1998-09-30,1693.84
1998-10-01,1612.33
1998-10-02,1614.98
1998-10-05,1536.69
1998-10-06,1510.89
1998-10-07,1462.61
1998-10-08,1419.12
1998-10-09,1492.49
1998-10-12,1546.08
1998-10-13,1509.45
1998-10-14,1540.97
1998-10-15,1611.01
1998-10-16,1620.95
1998-10-19,1648.73
1998-10-20,1639.19
1998-10-21,1674.75
1998-10-22,1702.64
1998-10-23,1693.86
1998-10-26,1724.98
1998-10-27,1717.63
1998-10-28,1737.35
1998-10-29,1757.19
1998-10-30,1771.39
1998-11-02,1800.91
1998-11-03,1788.43
1998-11-04,1823.57
1998-11-05,1837.10
1998-11-06,1856.56
1998-11-09,1861.05
1998-11-10,1865.62
1998-11-11,1862.11
1998-11-12,1851.06
1998-11-13,1847.99
1998-11-16,1861.68
1998-11-17,1878.52
1998-11-18,1897.44
1998-11-19,1919.68
1998-11-20,1928.21
1998-11-23,1977.42
1998-11-24,1965.88
1998-11-25,1985.21
1998-11-26,.
1998-11-27,2016.44
1998-11-30,1949.54
1998-12-01,2003.75
1998-12-02,1995.21
1998-12-03,1954.33
1998-12-04,2003.16
1998-12-07,2040.64
1998-12-08,2034.75
1998-12-09,2050.42
1998-12-10,2015.96
1998-12-11,2029.31
1998-12-14,1966.92
1998-12-15,2012.60
1998-12-16,2009.36
1998-12-17,2043.88
1998-12-18,2086.14
1998-12-21,2138.03
1998-12-22,2120.98
1998-12-23,2172.54
1998-12-24,2163.03
1998-12-25,.
1998-12-28,2180.30
1998-12-29,2181.77
1998-12-30,2166.95
1998-12-31,2192.69
1999-01-01,.
1999-01-04,2208.05
1999-01-05,2251.27
1999-01-06,2320.86
1999-01-07,2326.09
1999-01-08,2344.41
1999-01-11,2384.59
1999-01-12,2320.75
1999-01-13,2316.81
1999-01-14,2276.82
1999-01-15,2348.20
1999-01-18,.
1999-01-19,2408.17
1999-01-20,2415.49
1999-01-21,2344.72
1999-01-22,2338.88
1999-01-25,2369.31
1999-01-26,2433.41
1999-01-27,2407.14
1999-01-28,2477.34
1999-01-29,2505.89
1999-02-01,2510.09
1999-02-02,2463.42
1999-02-03,2493.41
1999-02-04,2410.07
1999-02-05,2373.62
1999-02-08,2404.92
1999-02-09,2310.79
1999-02-10,2309.50
1999-02-11,2405.55
1999-02-12,2321.89
1999-02-15,.
1999-02-16,2313.87
1999-02-17,2248.91
1999-02-18,2260.55
1999-02-19,2283.60
1999-02-22,2342.01
1999-02-23,2376.35
1999-02-24,2339.38
1999-02-25,2326.82
1999-02-26,2288.03
1999-03-01,2295.18
1999-03-02,2259.03
1999-03-03,2265.20
1999-03-04,2292.89
1999-03-05,2337.11
1999-03-08,2397.62
1999-03-09,2392.94
1999-03-10,2406.00
1999-03-11,2412.25
1999-03-12,2381.53
1999-03-15,2431.44
1999-03-16,2439.27
1999-03-17,2428.97
1999-03-18,2462.96
1999-03-19,2421.27
1999-03-22,2395.94
1999-03-23,2322.84
1999-03-24,2365.28
1999-03-25,2434.80
1999-03-26,2419.17
1999-03-29,2492.84
1999-03-30,2480.29
1999-03-31,2461.40
1999-04-01,2493.37
1999-04-02,.
1999-04-05,2560.06
1999-04-06,2563.17
1999-04-07,2544.43
1999-04-08,2573.39
1999-04-09,2593.05
1999-04-12,2598.81
1999-04-13,2583.50
1999-04-14,2507.28
1999-04-15,2521.77
1999-04-16,2484.04
1999-04-19,2345.61
1999-04-20,2409.64
1999-04-21,2489.08
1999-04-22,2561.61
1999-04-23,2590.69
1999-04-26,2652.05
1999-04-27,2602.41
1999-04-28,2550.37
1999-04-29,2528.44
1999-04-30,2542.85
1999-05-03,2535.58
1999-05-04,2485.12
1999-05-05,2534.45
1999-05-06,2472.28
1999-05-07,2503.62
1999-05-10,2526.39
1999-05-11,2566.68
1999-05-12,2606.54
1999-05-13,2582.00
1999-05-14,2527.86
1999-05-17,2561.84
1999-05-18,2558.36
1999-05-19,2577.40
1999-05-20,2542.23
1999-05-21,2520.14
1999-05-24,2453.66
1999-05-25,2380.90
1999-05-26,2427.18
1999-05-27,2419.15
1999-05-28,2470.52
1999-05-31,.
1999-06-01,2412.03
1999-06-02,2432.41
1999-06-03,2403.32
1999-06-04,2478.34
1999-06-07,2524.21
1999-06-08,2474.56
1999-06-09,2519.35
1999-06-10,2484.62
1999-06-11,2447.88
1999-06-14,2398.31
1999-06-15,2414.67
1999-06-16,2517.83
1999-06-17,2544.15
1999-06-18,2563.44
1999-06-21,2630.28
1999-06-22,2580.26
1999-06-23,2598.12
1999-06-24,2553.99
1999-06-25,2552.65
1999-06-28,2602.44
1999-06-29,2642.11
1999-06-30,2686.12
1999-07-01,2706.18
1999-07-02,2741.02
1999-07-05,.
1999-07-06,2736.78
1999-07-07,2743.04
1999-07-08,2771.86
1999-07-09,2793.07
1999-07-12,2790.44
1999-07-13,2778.23
1999-07-14,2818.13
1999-07-15,2839.37
1999-07-16,2864.48
1999-07-19,2830.29
1999-07-20,2732.18
1999-07-21,2761.77
1999-07-22,2684.44
1999-07-23,2692.40
1999-07-26,2619.19
1999-07-27,2679.33
1999-07-28,2705.84
1999-07-29,2640.01
1999-07-30,2638.49
1999-08-02,2623.63
1999-08-03,2587.99
1999-08-04,2540.00
1999-08-05,2565.83
1999-08-06,2547.97
1999-08-09,2518.98
1999-08-10,2490.11
1999-08-11,2564.98
1999-08-12,2549.49
1999-08-13,2637.81
1999-08-16,2645.28
1999-08-17,2671.22
1999-08-18,2657.73
1999-08-19,2621.43
1999-08-20,2648.33
1999-08-23,2719.57
1999-08-24,2752.37
1999-08-25,2805.60
1999-08-26,2774.62
1999-08-27,2758.90
1999-08-30,2712.69
1999-08-31,2739.35
1999-09-01,2750.80
1999-09-02,2734.24
1999-09-03,2843.11
1999-09-06,.
1999-09-07,2837.26
1999-09-08,2808.74
1999-09-09,2852.02
1999-09-10,2887.06
1999-09-13,2844.77
1999-09-14,2868.29
1999-09-15,2814.17
1999-09-16,2806.72
1999-09-17,2869.62
1999-09-20,2886.15
1999-09-21,2821.10
1999-09-22,2858.16
1999-09-23,2749.83
1999-09-24,2740.41
1999-09-27,2761.75
1999-09-28,2756.25
1999-09-29,2730.27
1999-09-30,2746.16
1999-10-01,2736.85
1999-10-04,2795.97
1999-10-05,2799.67
1999-10-06,2857.21
1999-10-07,2860.70
1999-10-08,2886.57
1999-10-11,2915.95
1999-10-12,2872.43
1999-10-13,2801.27
1999-10-14,2806.84
1999-10-15,2731.83
1999-10-18,2689.15
1999-10-19,2688.18
1999-10-20,2788.13
1999-10-21,2801.95
1999-10-22,2816.52
1999-10-25,2815.95
1999-10-26,2811.47
1999-10-27,2802.52
1999-10-28,2875.22
1999-10-29,2966.43
1999-11-01,2967.65
1999-11-02,2981.63
1999-11-03,3028.51
1999-11-04,3055.95
1999-11-05,3102.29
1999-11-08,3143.97
1999-11-09,3125.04
1999-11-10,3155.96
1999-11-11,3197.29
1999-11-12,3221.15
1999-11-15,3219.54
1999-11-16,3295.52
1999-11-17,3269.39
1999-11-18,3347.11
1999-11-19,3369.25
1999-11-22,3392.56
1999-11-23,3342.87
1999-11-24,3420.50
1999-11-25,.
1999-11-26,3447.81
1999-11-29,3421.37
1999-11-30,3336.16
1999-12-01,3353.71
1999-12-02,3452.78
1999-12-03,3520.63
1999-12-06,3546.01
1999-12-07,3586.92
1999-12-08,3586.08
1999-12-09,3594.17
1999-12-10,3620.24
1999-12-13,3658.17
1999-12-14,3571.66
1999-12-15,3621.95
1999-12-16,3715.06
1999-12-17,3753.06
1999-12-20,3783.87
1999-12-21,3911.15
1999-12-22,3937.30
1999-12-23,3969.44
1999-12-24,.
1999-12-27,3975.38
1999-12-28,3972.11
1999-12-29,4041.46
1999-12-30,4036.87
1999-12-31,4069.31
2000-01-03,4131.15
2000-01-04,3901.69
2000-01-05,3877.54
2000-01-06,3727.13
2000-01-07,3882.62
2000-01-10,4049.67
2000-01-11,3921.19
2000-01-12,3850.02
2000-01-13,3957.21
2000-01-14,4064.27
2000-01-17,.
2000-01-18,4130.81
2000-01-19,4151.29
2000-01-20,4189.51
2000-01-21,4235.40
2000-01-24,4096.08
2000-01-25,4167.41
2000-01-26,4069.91
2000-01-27,4039.56
2000-01-28,3887.07
2000-01-31,3940.35
2000-02-01,4051.98
2000-02-02,4073.96
2000-02-03,4210.98
2000-02-04,4244.14
2000-02-07,4321.77
2000-02-08,4427.50
2000-02-09,4363.24
2000-02-10,4485.63
2000-02-11,4395.45
2000-02-14,4418.55
2000-02-15,4420.77
2000-02-16,4427.65
2000-02-17,4548.92
2000-02-18,4411.74
2000-02-21,.
2000-02-22,4382.12
2000-02-23,4550.33
2000-02-24,4617.65
2000-02-25,4590.50
2000-02-28,4577.85
2000-02-29,4696.69
2000-03-01,4784.08
2000-03-02,4754.51
2000-03-03,4914.79
2000-03-06,4904.85
2000-03-07,4847.84
2000-03-08,4897.26
2000-03-09,5046.86
2000-03-10,5048.62
2000-03-13,4907.24
2000-03-14,4706.63
2000-03-15,4582.62
2000-03-16,4717.39
2000-03-17,4798.13
2000-03-20,4610.00
2000-03-21,4711.68
2000-03-22,4864.75
2000-03-23,4940.61
2000-03-24,4963.03
2000-03-27,4958.56
2000-03-28,4833.89
2000-03-29,4644.67
2000-03-30,4457.89
2000-03-31,4572.83
2000-04-03,4223.68
2000-04-04,4148.89
2000-04-05,4169.22
2000-04-06,4267.56
2000-04-07,4446.45
2000-04-10,4188.20
2000-04-11,4055.90
2000-04-12,3769.63
2000-04-13,3676.78
2000-04-14,3321.29
2000-04-17,3539.16
2000-04-18,3793.57
2000-04-19,3706.41
2000-04-20,3643.88
2000-04-21,.
2000-04-24,3482.48
2000-04-25,3711.23
2000-04-26,3630.09
2000-04-27,3774.03
2000-04-28,3860.66
2000-05-01,3958.08
2000-05-02,3785.45
2000-05-03,3707.31
2000-05-04,3720.24
2000-05-05,3816.82
2000-05-08,3669.38
2000-05-09,3585.01
2000-05-10,3384.73
2000-05-11,3499.58
2000-05-12,3529.06
2000-05-15,3607.65
2000-05-16,3717.57
2000-05-17,3644.96
2000-05-18,3538.71
2000-05-19,3390.40
2000-05-22,3364.21
2000-05-23,3164.55
2000-05-24,3270.61
2000-05-25,3205.35
2000-05-26,3205.11
2000-05-29,.
2000-05-30,3459.48
2000-05-31,3400.91
2000-06-01,3582.50
2000-06-02,3813.38
2000-06-05,3821.76
2000-06-06,3756.37
2000-06-07,3839.26
2000-06-08,3825.56
2000-06-09,3874.84
2000-06-12,3767.91
2000-06-13,3851.06
2000-06-14,3797.41
2000-06-15,3845.74
2000-06-16,3860.56
2000-06-19,3989.83
2000-06-20,4013.36
2000-06-21,4064.01
2000-06-22,3936.84
2000-06-23,3845.34
2000-06-26,3912.12
2000-06-27,3858.96
2000-06-28,3940.34
2000-06-29,3877.23
2000-06-30,3966.11
2000-07-03,3991.93
2000-07-04,.
2000-07-05,3863.10
2000-07-06,3960.57
2000-07-07,4023.20
2000-07-10,3980.29
2000-07-11,3956.42
2000-07-12,4099.59
2000-07-13,4174.86
2000-07-14,4246.18
2000-07-17,4274.67
2000-07-18,4177.17
2000-07-19,4055.63
2000-07-20,4184.56
2000-07-21,4094.45
2000-07-24,3981.57
2000-07-25,4029.57
2000-07-26,3987.72
2000-07-27,3842.23
2000-07-28,3663.00
2000-07-31,3766.99
2000-08-01,3685.52
2000-08-02,3658.46
2000-08-03,3759.88
2000-08-04,3787.36
2000-08-07,3862.99
2000-08-08,3848.55
2000-08-09,3853.50
2000-08-10,3759.99
2000-08-11,3789.47
2000-08-14,3849.69
2000-08-15,3851.66
2000-08-16,3861.20
2000-08-17,3940.87
2000-08-18,3930.34
2000-08-21,3953.15
2000-08-22,3958.21
2000-08-23,4011.01
2000-08-24,4053.28
2000-08-25,4042.68
2000-08-28,4070.59
2000-08-29,4082.17
2000-08-30,4103.81
2000-08-31,4206.35
2000-09-01,4234.33
2000-09-04,.
2000-09-05,4143.18
2000-09-06,4013.34
2000-09-07,4098.35
2000-09-08,3978.41
2000-09-11,3896.35
2000-09-12,3849.51
2000-09-13,3893.89
2000-09-14,3913.86
2000-09-15,3835.23
2000-09-18,3726.52
2000-09-19,3865.64
2000-09-20,3897.44
2000-09-21,3828.87
2000-09-22,3803.76
2000-09-25,3741.22
2000-09-26,3689.10
2000-09-27,3656.30
2000-09-28,3778.32
2000-09-29,3672.82
2000-10-02,3568.90
2000-10-03,3455.83
2000-10-04,3523.10
2000-10-05,3472.10
2000-10-06,3361.01
2000-10-09,3355.56
2000-10-10,3240.54
2000-10-11,3168.49
2000-10-12,3074.68
2000-10-13,3316.77
2000-10-16,3290.28
2000-10-17,3213.96
2000-10-18,3171.56
2000-10-19,3418.60
2000-10-20,3483.14
2000-10-23,3468.69
2000-10-24,3419.79
2000-10-25,3229.57
2000-10-26,3272.18
2000-10-27,3278.36
2000-10-30,3191.40
2000-10-31,3369.63
2000-11-01,3333.39
2000-11-02,3429.02
2000-11-03,3451.58
2000-11-06,3416.21
2000-11-07,3415.79
2000-11-08,3231.70
2000-11-09,3200.35
2000-11-10,3028.99
2000-11-13,2966.72
2000-11-14,3138.27
2000-11-15,3165.49
2000-11-16,3031.88
2000-11-17,3027.19
2000-11-20,2875.64
2000-11-21,2871.45
2000-11-22,2755.34
2000-11-23,.
2000-11-24,2904.38
2000-11-27,2880.49
2000-11-28,2734.98
2000-11-29,2706.93
2000-11-30,2597.93
2000-12-01,2645.29
2000-12-04,2615.75
2000-12-05,2889.80
2000-12-06,2796.50
2000-12-07,2752.66
2000-12-08,2917.43
2000-12-11,3015.10
2000-12-12,2931.77
2000-12-13,2822.77
2000-12-14,2728.51
2000-12-15,2653.27
2000-12-18,2624.52
2000-12-19,2511.71
2000-12-20,2332.78
2000-12-21,2340.12
2000-12-22,2517.02
2000-12-25,.
2000-12-26,2493.52
2000-12-27,2539.35
2000-12-28,2557.76
2000-12-29,2470.52
2001-01-01,.
2001-01-02,2291.86
2001-01-03,2616.69
2001-01-04,2566.83
2001-01-05,2407.65
2001-01-08,2395.92
2001-01-09,2441.30
2001-01-10,2524.18
2001-01-11,2640.57
2001-01-12,2626.50
2001-01-15,.
2001-01-16,2618.55
2001-01-17,2682.78
2001-01-18,2768.49
2001-01-19,2770.38
2001-01-22,2757.91
2001-01-23,2840.39
2001-01-24,2859.15
2001-01-25,2754.28
2001-01-26,2781.30
2001-01-29,2838.34
2001-01-30,2838.35
2001-01-31,2772.73
2001-02-01,2782.79
2001-02-02,2660.50
2001-02-05,2643.21
2001-02-06,2664.49
2001-02-07,2607.82
2001-02-08,2562.06
2001-02-09,2470.97
2001-02-12,2489.66
2001-02-13,2427.72
2001-02-14,2491.40
2001-02-15,2552.91
2001-02-16,2425.38
2001-02-19,.
2001-02-20,2318.35
2001-02-21,2268.94
2001-02-22,2244.96
2001-02-23,2262.51
2001-02-26,2308.50
2001-02-27,2207.82
2001-02-28,2151.83
2001-03-01,2183.37
2001-03-02,2117.63
2001-03-05,2142.92
2001-03-06,2204.43
2001-03-07,2223.92
2001-03-08,2168.73
2001-03-09,2052.78
2001-03-12,1923.38
2001-03-13,2014.78
2001-03-14,1972.09
2001-03-15,1940.71
2001-03-16,1890.91
2001-03-19,1951.18
2001-03-20,1857.44
2001-03-21,1830.23
2001-03-22,1897.70
2001-03-23,1928.68
2001-03-26,1918.49
2001-03-27,1972.26
2001-03-28,1854.13
2001-03-29,1820.57
2001-03-30,1840.26
2001-04-02,1782.97
2001-04-03,1673.00
2001-04-04,1638.80
2001-04-05,1785.00
2001-04-06,1720.36
2001-04-09,1745.71
2001-04-10,1852.03
2001-04-11,1898.95
2001-04-12,1961.43
2001-04-13,.
2001-04-16,1909.57
2001-04-17,1923.22
2001-04-18,2079.44
2001-04-19,2182.14
2001-04-20,2163.41
2001-04-23,2059.32
2001-04-24,2016.61
2001-04-25,2059.80
2001-04-26,2034.88
2001-04-27,2075.68
2001-04-30,2116.24
2001-05-01,2168.24
2001-05-02,2220.60
2001-05-03,2146.20
2001-05-04,2191.53
2001-05-07,2173.57
2001-05-08,2198.77
2001-05-09,2156.63
2001-05-10,2128.86
2001-05-11,2107.43
2001-05-14,2081.92
2001-05-15,2085.58
2001-05-16,2166.44
2001-05-17,2193.68
2001-05-18,2198.88
2001-05-21,2305.59
2001-05-22,2313.85
2001-05-23,2243.48
2001-05-24,2282.02
2001-05-25,2251.03
2001-05-28,.
2001-05-29,2175.54
2001-05-30,2084.50
2001-05-31,2110.49
2001-06-01,2149.44
2001-06-04,2155.93
2001-06-05,2233.66
2001-06-06,2217.73
2001-06-07,2264.00
2001-06-08,2215.10
2001-06-11,2170.78
2001-06-12,2169.95
2001-06-13,2121.66
2001-06-14,2044.07
2001-06-15,2028.43
2001-06-18,1988.63
2001-06-19,1992.66
2001-06-20,2031.24
2001-06-21,2058.76
2001-06-22,2034.84
2001-06-25,2050.87
2001-06-26,2064.62
2001-06-27,2074.74
2001-06-28,2125.46
2001-06-29,2160.54
2001-07-02,2148.72
2001-07-03,2140.80
2001-07-04,.
2001-07-05,2080.11
2001-07-06,2004.16
2001-07-09,2026.71
2001-07-10,1962.79
2001-07-11,1972.04
2001-07-12,2075.74
2001-07-13,2084.79
2001-07-16,2029.12
2001-07-17,2067.32
2001-07-18,2016.17
2001-07-19,2046.59
2001-07-20,2029.37
2001-07-23,1988.56
2001-07-24,1959.24
2001-07-25,1984.32
2001-07-26,2022.96
2001-07-27,2029.07
2001-07-30,2017.84
2001-07-31,2027.13
2001-08-01,2068.38
2001-08-02,2087.38
2001-08-03,2066.33
2001-08-06,2034.26
2001-08-07,2027.79
2001-08-08,1966.36
2001-08-09,1963.32
2001-08-10,1956.47
2001-08-13,1982.25
2001-08-14,1964.53
2001-08-15,1918.89
2001-08-16,1930.32
2001-08-17,1867.01
2001-08-20,1881.35
2001-08-21,1831.30
2001-08-22,1860.01
2001-08-23,1842.97
2001-08-24,1916.80
2001-08-27,1912.41
2001-08-28,1864.98
2001-08-29,1843.17
2001-08-30,1791.68
2001-08-31,1805.43
2001-09-03,.
2001-09-04,1770.78
2001-09-05,1759.01
2001-09-06,1705.64
2001-09-07,1687.70
2001-09-10,1695.38
2001-09-11,.
2001-09-12,.
2001-09-13,.
2001-09-14,.
2001-09-17,1579.55
2001-09-18,1555.08
2001-09-19,1527.80
2001-09-20,1470.93
2001-09-21,1423.19
2001-09-24,1499.40
2001-09-25,1501.64
2001-09-26,1464.04
2001-09-27,1460.71
2001-09-28,1498.80
2001-10-01,1480.46
2001-10-02,1492.33
2001-10-03,1580.81
2001-10-04,1597.31
2001-10-05,1605.30
2001-10-08,1605.95
2001-10-09,1570.19
2001-10-10,1626.26
2001-10-11,1701.47
2001-10-12,1703.40
2001-10-15,1696.31
2001-10-16,1722.07
2001-10-17,1646.34
2001-10-18,1652.72
2001-10-19,1671.31
2001-10-22,1708.08
2001-10-23,1704.44
2001-10-24,1731.54
2001-10-25,1775.47
2001-10-26,1768.96
2001-10-29,1699.52
2001-10-30,1667.41
2001-10-31,1690.20
2001-11-01,1746.30
2001-11-02,1745.73
2001-11-05,1793.65
2001-11-06,1835.08
2001-11-07,1837.53
2001-11-08,1827.77
2001-11-09,1828.48
2001-11-12,1840.13
2001-11-13,1892.11
2001-11-14,1903.19
2001-11-15,1900.57
2001-11-16,1898.58
2001-11-19,1934.42
2001-11-20,1880.51
2001-11-21,1875.05
2001-11-22,.
2001-11-23,1903.20
2001-11-26,1941.23
2001-11-27,1935.97
2001-11-28,1887.97
2001-11-29,1933.26
2001-11-30,1930.58
2001-12-03,1904.90
2001-12-04,1963.10
2001-12-05,2046.84
2001-12-06,2054.27
2001-12-07,2021.26
2001-12-10,1992.12
2001-12-11,2001.93
2001-12-12,2011.38
2001-12-13,1946.51
2001-12-14,1953.17
2001-12-17,1987.45
2001-12-18,2004.76
2001-12-19,1982.89
2001-12-20,1918.54
2001-12-21,1945.83
2001-12-24,1944.48
2001-12-25,.
2001-12-26,1960.70
2001-12-27,1976.42
2001-12-28,1987.26
2001-12-31,1950.40
2002-01-01,.
2002-01-02,1979.25
2002-01-03,2044.27
2002-01-04,2059.38
2002-01-07,2037.10
2002-01-08,2055.74
2002-01-09,2044.89
2002-01-10,2047.24
2002-01-11,2022.46
2002-01-14,1990.74
2002-01-15,2000.91
2002-01-16,1944.44
2002-01-17,1985.82
2002-01-18,1930.34
2002-01-21,.
2002-01-22,1882.53
2002-01-23,1922.38
2002-01-24,1942.58
2002-01-25,1937.70
2002-01-28,1943.91
2002-01-29,1892.99
2002-01-30,1913.44
2002-01-31,1934.03
2002-02-01,1911.24
2002-02-04,1855.53
2002-02-05,1838.52
2002-02-06,1812.71
2002-02-07,1782.11
2002-02-08,1818.88
2002-02-11,1846.66
2002-02-12,1834.21
2002-02-13,1859.16
2002-02-14,1843.37
2002-02-15,1805.20
2002-02-18,.
2002-02-19,1750.61
2002-02-20,1775.57
2002-02-21,1716.24
2002-02-22,1724.54
2002-02-25,1769.88
2002-02-26,1766.86
2002-02-27,1751.88
2002-02-28,1731.49
2002-03-01,1802.74
2002-03-04,1859.32
2002-03-05,1866.29
2002-03-06,1890.40
2002-03-07,1881.63
2002-03-08,1929.67
2002-03-11,1929.49
2002-03-12,1897.12
2002-03-13,1862.03
2002-03-14,1854.14
2002-03-15,1868.30
2002-03-18,1877.06
2002-03-19,1880.87
2002-03-20,1832.87
2002-03-21,1868.83
2002-03-22,1851.39
2002-03-25,1812.49
2002-03-26,1824.17
2002-03-27,1826.75
2002-03-28,1845.35
2002-03-29,.
2002-04-01,1862.62
2002-04-02,1804.40
2002-04-03,1784.35
2002-04-04,1789.75
2002-04-05,1770.03
2002-04-08,1785.87
2002-04-09,1742.57
2002-04-10,1767.07
2002-04-11,1725.24
2002-04-12,1756.19
2002-04-15,1753.78
2002-04-16,1816.79
2002-04-17,1810.67
2002-04-18,1802.43
2002-04-19,1796.83
2002-04-22,1758.68
2002-04-23,1730.29
2002-04-24,1713.34
2002-04-25,1713.70
2002-04-26,1663.89
2002-04-29,1656.93
2002-04-30,1688.23
2002-05-01,1677.53
2002-05-02,1644.82
2002-05-03,1613.03
2002-05-06,1578.48
2002-05-07,1573.82
2002-05-08,1696.29
2002-05-09,1650.49
2002-05-10,1600.85
2002-05-13,1652.54
2002-05-14,1719.05
2002-05-15,1725.56
2002-05-16,1730.44
2002-05-17,1741.39
2002-05-20,1701.59
2002-05-21,1664.18
2002-05-22,1673.45
2002-05-23,1697.63
2002-05-24,1661.49
2002-05-27,.
2002-05-28,1652.17
2002-05-29,1624.39
2002-05-30,1631.92
2002-05-31,1615.73
2002-06-03,1562.56
2002-06-04,1578.12
2002-06-05,1595.26
2002-06-06,1554.88
2002-06-07,1535.48
2002-06-10,1530.69
2002-06-11,1497.18
2002-06-12,1519.12
2002-06-13,1496.86
2002-06-14,1504.74
2002-06-17,1553.29
2002-06-18,1542.96
2002-06-19,1496.83
2002-06-20,1464.75
2002-06-21,1440.96
2002-06-24,1460.34
2002-06-25,1423.99
2002-06-26,1429.33
2002-06-27,1459.20
2002-06-28,1463.21
2002-07-01,1403.80
2002-07-02,1357.82
2002-07-03,1380.17
2002-07-04,.
2002-07-05,1448.36
2002-07-08,1405.61
2002-07-09,1381.12
2002-07-10,1346.01
2002-07-11,1374.43
2002-07-12,1373.50
2002-07-15,1382.62
2002-07-16,1375.26
2002-07-17,1397.25
2002-07-18,1356.95
2002-07-19,1319.15
2002-07-22,1282.65
2002-07-23,1229.05
2002-07-24,1290.23
2002-07-25,1240.08
2002-07-26,1262.12
2002-07-29,1335.25
2002-07-30,1344.19
2002-07-31,1328.26
2002-08-01,1280.00
2002-08-02,1247.92
2002-08-05,1206.01
2002-08-06,1259.55
2002-08-07,1280.90
2002-08-08,1316.52
2002-08-09,1306.12
2002-08-12,1306.84
2002-08-13,1269.28
2002-08-14,1334.30
2002-08-15,1345.01
2002-08-16,1361.01
2002-08-19,1394.54
2002-08-20,1376.59
2002-08-21,1409.25
2002-08-22,1422.95
2002-08-23,1380.62
2002-08-26,1391.74
2002-08-27,1347.78
2002-08-28,1314.38
2002-08-29,1335.77
2002-08-30,1314.85
2002-09-02,.
2002-09-03,1263.84
2002-09-04,1292.31
2002-09-05,1251.00
2002-09-06,1295.30
2002-09-09,1304.60
2002-09-10,1320.09
2002-09-11,1315.45
2002-09-12,1279.68
2002-09-13,1291.40
2002-09-16,1275.88
2002-09-17,1259.94
2002-09-18,1252.13
2002-09-19,1216.45
2002-09-20,1221.09
2002-09-23,1184.93
2002-09-24,1182.17
2002-09-25,1222.29
2002-09-26,1221.61
2002-09-27,1199.16
2002-09-30,1172.06
2002-10-01,1213.72
2002-10-02,1187.30
2002-10-03,1165.56
2002-10-04,1139.90
2002-10-07,1119.40
2002-10-08,1129.21
2002-10-09,1114.11
2002-10-10,1163.37
2002-10-11,1210.47
2002-10-14,1220.53
2002-10-15,1282.44
2002-10-16,1232.42
2002-10-17,1272.29
2002-10-18,1287.86
2002-10-21,1309.67
2002-10-22,1292.80
2002-10-23,1320.23
2002-10-24,1298.71
2002-10-25,1331.13
2002-10-28,1315.83
2002-10-29,1300.54
2002-10-30,1326.73
2002-10-31,1329.75
2002-11-01,1360.70
2002-11-04,1396.54
2002-11-05,1401.17
2002-11-06,1418.99
2002-11-07,1376.71
2002-11-08,1359.28
2002-11-11,1319.19
2002-11-12,1349.56
2002-11-13,1361.34
2002-11-14,1411.52
2002-11-15,1411.14
2002-11-18,1393.69
2002-11-19,1374.51
2002-11-20,1419.35
2002-11-21,1467.55
2002-11-22,1468.74
2002-11-25,1481.90
2002-11-26,1444.43
2002-11-27,1487.94
2002-11-28,.
2002-11-29,1478.78
2002-12-02,1484.78
2002-12-03,1448.96
2002-12-04,1430.35
2002-12-05,1410.75
2002-12-06,1422.44
2002-12-09,1367.14
2002-12-10,1390.76
2002-12-11,1396.59
2002-12-12,1399.55
2002-12-13,1362.42
2002-12-16,1400.33
2002-12-17,1392.05
2002-12-18,1361.51
2002-12-19,1354.10
2002-12-20,1363.05
2002-12-23,1381.69
2002-12-24,1372.47
2002-12-25,.
2002-12-26,1367.89
2002-12-27,1348.31
2002-12-30,1339.54
2002-12-31,1335.51
2003-01-01,.
2003-01-02,1384.85
2003-01-03,1387.08
2003-01-06,1421.32
2003-01-07,1431.57
2003-01-08,1401.07
2003-01-09,1438.46
2003-01-10,1447.72
2003-01-13,1446.04
2003-01-14,1460.99
2003-01-15,1438.80
2003-01-16,1423.75
2003-01-17,1376.19
2003-01-20,.
2003-01-21,1364.25
2003-01-22,1359.48
2003-01-23,1388.27
2003-01-24,1342.14
2003-01-27,1325.27
2003-01-28,1342.18
2003-01-29,1358.06
2003-01-30,1322.35
2003-01-31,1320.91
2003-02-03,1323.79
2003-02-04,1306.15
2003-02-05,1301.50
2003-02-06,1301.73
2003-02-07,1282.47
2003-02-10,1296.68
2003-02-11,1295.46
2003-02-12,1278.97
2003-02-13,1277.44
2003-02-14,1310.17
2003-02-17,.
2003-02-18,1346.54
2003-02-19,1334.32
2003-02-20,1331.23
2003-02-21,1349.02
2003-02-24,1322.38
2003-02-25,1328.98
2003-02-26,1303.68
2003-02-27,1323.94
2003-02-28,1337.52
2003-03-03,1320.29
2003-03-04,1307.77
2003-03-05,1314.40
2003-03-06,1302.89
2003-03-07,1305.29
2003-03-10,1278.37
2003-03-11,1271.47
2003-03-12,1279.24
2003-03-13,1340.77
2003-03-14,1340.33
2003-03-17,1392.27
2003-03-18,1400.55
2003-03-19,1397.07
2003-03-20,1402.77
2003-03-21,1421.84
2003-03-24,1369.78
2003-03-25,1391.01
2003-03-26,1387.45
2003-03-27,1384.25
2003-03-28,1369.60
2003-03-31,1341.17
2003-04-01,1348.30
2003-04-02,1396.72
2003-04-03,1396.58
2003-04-04,1383.51
2003-04-07,1389.51
2003-04-08,1382.94
2003-04-09,1356.74
2003-04-10,1365.61
2003-04-11,1358.85
2003-04-14,1384.95
2003-04-15,1391.01
2003-04-16,1394.72
2003-04-17,1425.50
2003-04-18,.
2003-04-21,1424.37
2003-04-22,1451.36
2003-04-23,1466.16
2003-04-24,1457.23
2003-04-25,1434.54
2003-04-28,1462.24
2003-04-29,1471.30
2003-04-30,1464.31
2003-05-01,1472.56
2003-05-02,1502.88
2003-05-05,1504.04
2003-05-06,1523.71
2003-05-07,1506.76
2003-05-08,1489.69
2003-05-09,1520.15
2003-05-12,1541.40
2003-05-13,1539.68
2003-05-14,1534.90
2003-05-15,1551.38
2003-05-16,1538.53
2003-05-19,1492.77
2003-05-20,1491.09
2003-05-21,1489.87
2003-05-22,1507.55
2003-05-23,1510.09
2003-05-26,.
2003-05-27,1556.69
2003-05-28,1563.24
2003-05-29,1574.95
2003-05-30,1595.91
2003-06-02,1590.75
2003-06-03,1603.56
2003-06-04,1634.65
2003-06-05,1646.01
2003-06-06,1627.42
2003-06-09,1603.97
2003-06-10,1627.67
2003-06-11,1646.02
2003-06-12,1653.62
2003-06-13,1626.49
2003-06-16,1666.58
2003-06-17,1668.44
2003-06-18,1677.14
2003-06-19,1648.64
2003-06-20,1644.72
2003-06-23,1610.75
2003-06-24,1605.61
2003-06-25,1602.66
2003-06-26,1634.01
2003-06-27,1625.26
2003-06-30,1622.80
2003-07-01,1640.13
2003-07-02,1678.73
2003-07-03,1663.46
2003-07-04,.
2003-07-07,1720.71
2003-07-08,1746.46
2003-07-09,1747.46
2003-07-10,1715.86
2003-07-11,1733.93
2003-07-14,1754.82
2003-07-15,1753.21
2003-07-16,1747.97
2003-07-17,1698.02
2003-07-18,1708.50
2003-07-21,1681.41
2003-07-22,1706.10
2003-07-23,1719.18
2003-07-24,1701.42
2003-07-25,1730.70
2003-07-28,1735.36
2003-07-29,1731.37
2003-07-30,1720.91
2003-07-31,1735.02
2003-08-01,1715.62
2003-08-04,1714.06
2003-08-05,1673.50
2003-08-06,1652.68
2003-08-07,1652.18
2003-08-08,1644.03
2003-08-11,1661.51
2003-08-12,1687.01
2003-08-13,1686.61
2003-08-14,1700.34
2003-08-15,1702.01
2003-08-18,1739.49
2003-08-19,1761.11
2003-08-20,1760.54
2003-08-21,1777.55
2003-08-22,1765.32
2003-08-25,1764.31
2003-08-26,1770.65
2003-08-27,1782.13
2003-08-28,1800.18
2003-08-29,1810.45
2003-09-01,.
2003-09-02,1841.48
2003-09-03,1852.90
2003-09-04,1868.97
2003-09-05,1858.24
2003-09-08,1888.62
2003-09-09,1873.43
2003-09-10,1823.81
2003-09-11,1846.09
2003-09-12,1855.03
2003-09-15,1845.70
2003-09-16,1887.25
2003-09-17,1883.10
2003-09-18,1909.55
2003-09-19,1905.70
2003-09-22,1874.62
2003-09-23,1901.72
2003-09-24,1843.70
2003-09-25,1817.24
2003-09-26,1792.07
2003-09-29,1824.56
2003-09-30,1786.94
2003-10-01,1832.25
2003-10-02,1836.22
2003-10-03,1880.57
2003-10-06,1893.46
2003-10-07,1907.85
2003-10-08,1893.78
2003-10-09,1911.90
2003-10-10,1915.31
2003-10-13,1933.53
2003-10-14,1943.19
2003-10-15,1939.10
2003-10-16,1950.14
2003-10-17,1912.36
2003-10-20,1925.14
2003-10-21,1940.90
2003-10-22,1898.07
2003-10-23,1885.51
2003-10-24,1865.59
2003-10-27,1882.91
2003-10-28,1932.26
2003-10-29,1936.56
2003-10-30,1932.69
2003-10-31,1932.21
2003-11-03,1967.70
2003-11-04,1957.96
2003-11-05,1959.37
2003-11-06,1976.37
2003-11-07,1970.74
2003-11-10,1941.64
2003-11-11,1930.75
2003-11-12,1973.11
2003-11-13,1967.35
2003-11-14,1930.26
2003-11-17,1909.61
2003-11-18,1881.75
2003-11-19,1899.65
2003-11-20,1881.92
2003-11-21,1893.88
2003-11-24,1947.14
2003-11-25,1943.04
2003-11-26,1953.31
2003-11-27,.
2003-11-28,1960.26
2003-12-01,1989.82
2003-12-02,1980.07
2003-12-03,1960.25
2003-12-04,1968.80
2003-12-05,1937.82
2003-12-08,1948.85
2003-12-09,1908.32
2003-12-10,1904.65
2003-12-11,1942.32
2003-12-12,1949.00
2003-12-15,1918.26
2003-12-16,1924.29
2003-12-17,1921.33
2003-12-18,1956.18
2003-12-19,1951.02
2003-12-22,1955.80
2003-12-23,1974.78
2003-12-24,1969.23
2003-12-25,.
2003-12-26,1973.14
2003-12-29,2006.48
2003-12-30,2009.88
2003-12-31,2003.37
2004-01-01,.
2004-01-02,2006.68
2004-01-05,2047.36
2004-01-06,2057.37
2004-01-07,2077.68
2004-01-08,2100.25
2004-01-09,2086.92
2004-01-12,2111.78
2004-01-13,2096.44
2004-01-14,2111.13
2004-01-15,2109.08
2004-01-16,2140.46
2004-01-19,.
2004-01-20,2147.98
2004-01-21,2142.45
2004-01-22,2119.01
2004-01-23,2123.87
2004-01-26,2153.83
2004-01-27,2116.04
2004-01-28,2077.37
2004-01-29,2068.23
2004-01-30,2066.15
2004-02-02,2063.15
2004-02-03,2066.21
2004-02-04,2014.14
2004-02-05,2019.56
2004-02-06,2064.01
2004-02-09,2060.57
2004-02-10,2075.33
2004-02-11,2089.66
2004-02-12,2073.61
2004-02-13,2053.56
2004-02-16,.
2004-02-17,2080.35
2004-02-18,2076.47
2004-02-19,2045.96
2004-02-20,2037.93
2004-02-23,2007.52
2004-02-24,2005.44
2004-02-25,2022.98
2004-02-26,2032.57
2004-02-27,2029.82
2004-03-01,2057.80
2004-03-02,2039.65
2004-03-03,2033.36
2004-03-04,2055.11
2004-03-05,2047.63
2004-03-08,2008.78
2004-03-09,1995.16
2004-03-10,1964.15
2004-03-11,1943.89
2004-03-12,1984.73
2004-03-15,1939.20
2004-03-16,1943.09
2004-03-17,1976.76
2004-03-18,1962.44
2004-03-19,1940.47
2004-03-22,1909.90
2004-03-23,1901.80
2004-03-24,1909.48
2004-03-25,1967.17
2004-03-26,1960.02
2004-03-29,1992.57
2004-03-30,2000.63
2004-03-31,1994.22
2004-04-01,2015.01
2004-04-02,2057.17
2004-04-05,2079.12
2004-04-06,2059.90
2004-04-07,2050.24
2004-04-08,2052.88
2004-04-09,.
2004-04-12,2065.48
2004-04-13,2030.08
2004-04-14,2024.85
2004-04-15,2002.17
2004-04-16,1995.74
2004-04-19,2020.43
2004-04-20,1978.63
2004-04-21,1995.63
2004-04-22,2032.91
2004-04-23,2049.77
2004-04-26,2036.77
2004-04-27,2032.53
2004-04-28,1989.54
2004-04-29,1958.78
2004-04-30,1920.15
2004-05-03,1938.72
2004-05-04,1950.48
2004-05-05,1957.26
2004-05-06,1937.74
2004-05-07,1917.96
2004-05-10,1896.07
2004-05-11,1931.35
2004-05-12,1925.59
2004-05-13,1926.03
2004-05-14,1904.25
2004-05-17,1876.64
2004-05-18,1897.82
2004-05-19,1898.17
2004-05-20,1896.59
2004-05-21,1912.09
2004-05-24,1922.98
2004-05-25,1964.65
2004-05-26,1976.15
2004-05-27,1984.50
2004-05-28,1986.74
2004-05-31,.
2004-06-01,1990.77
2004-06-02,1988.98
2004-06-03,1960.26
2004-06-04,1978.62
2004-06-07,2020.62
2004-06-08,2023.53
2004-06-09,1990.61
2004-06-10,1999.87
2004-06-11,.
2004-06-14,1969.99
2004-06-15,1995.60
2004-06-16,1998.23
2004-06-17,1983.67
2004-06-18,1986.73
2004-06-21,1974.38
2004-06-22,1994.15
2004-06-23,2020.98
2004-06-24,2015.57
2004-06-25,2025.47
2004-06-28,2019.82
2004-06-29,2034.93
2004-06-30,2047.79
2004-07-01,2015.55
2004-07-02,2006.66
2004-07-05,.
2004-07-06,1963.43
2004-07-07,1966.08
2004-07-08,1935.32
2004-07-09,1946.33
2004-07-12,1936.92
2004-07-13,1931.66
2004-07-14,1914.88
2004-07-15,1912.71
2004-07-16,1883.15
2004-07-19,1883.83
2004-07-20,1917.07
2004-07-21,1874.37
2004-07-22,1889.06
2004-07-23,1849.09
2004-07-26,1839.02
2004-07-27,1869.10
2004-07-28,1858.26
2004-07-29,1881.06
2004-07-30,1887.36
2004-08-02,1892.09
2004-08-03,1859.42
2004-08-04,1855.06
2004-08-05,1821.63
2004-08-06,1776.89
2004-08-09,1774.64
2004-08-10,1808.70
2004-08-11,1782.42
2004-08-12,1752.49
2004-08-13,1757.22
2004-08-16,1782.84
2004-08-17,1795.25
2004-08-18,1831.37
2004-08-19,1819.89
2004-08-20,1838.02
2004-08-23,1838.70
2004-08-24,1836.89
2004-08-25,1860.72
2004-08-26,1852.92
2004-08-27,1862.09
2004-08-30,1836.49
2004-08-31,1838.10
2004-09-01,1850.41
2004-09-02,1873.43
2004-09-03,1844.48
2004-09-06,.
2004-09-07,1858.56
2004-09-08,1850.64
2004-09-09,1869.65
2004-09-10,1894.31
2004-09-13,1910.38
2004-09-14,1915.40
2004-09-15,1896.52
2004-09-16,1904.08
2004-09-17,1910.09
2004-09-20,1908.07
2004-09-21,1921.18
2004-09-22,1885.71
2004-09-23,1886.43
2004-09-24,1879.48
2004-09-27,1859.88
2004-09-28,1869.87
2004-09-29,1893.94
2004-09-30,1896.84
2004-10-01,1942.20
2004-10-04,1952.40
2004-10-05,1955.50
2004-10-06,1971.03
2004-10-07,1948.52
2004-10-08,1919.97
2004-10-11,1928.76
2004-10-12,1925.17
2004-10-13,1920.53
2004-10-14,1903.02
2004-10-15,1911.50
2004-10-18,1936.52
2004-10-19,1922.90
2004-10-20,1932.97
2004-10-21,1953.62
2004-10-22,1915.14
2004-10-25,1914.04
2004-10-26,1928.79
2004-10-27,1969.99
2004-10-28,1975.74
2004-10-29,1974.99
2004-11-01,1979.87
2004-11-02,1984.79
2004-11-03,2004.33
2004-11-04,2023.63
2004-11-05,2038.94
2004-11-08,2039.25
2004-11-09,2043.33
2004-11-10,2034.56
2004-11-11,2061.27
2004-11-12,2085.34
2004-11-15,2094.09
2004-11-16,2078.62
2004-11-17,2099.68
2004-11-18,2104.28
2004-11-19,2070.63
2004-11-22,2085.19
2004-11-23,2084.28
2004-11-24,2102.54
2004-11-25,.
2004-11-26,2101.97
2004-11-29,2106.87
2004-11-30,2096.81
2004-12-01,2138.23
2004-12-02,2143.57
2004-12-03,2147.96
2004-12-06,2151.25
2004-12-07,2114.66
2004-12-08,2126.11
2004-12-09,2129.01
2004-12-10,2128.07
2004-12-13,2148.50
2004-12-14,2159.84
2004-12-15,2162.55
2004-12-16,2146.15
2004-12-17,2135.20
2004-12-20,2127.85
2004-12-21,2150.91
2004-12-22,2157.03
2004-12-23,2160.62
2004-12-24,.
2004-12-27,2154.22
2004-12-28,2177.19
2004-12-29,2177.00
2004-12-30,2178.34
2004-12-31,2175.44
2005-01-03,2152.15
2005-01-04,2107.86
2005-01-05,2091.24
2005-01-06,2090.00
2005-01-07,2088.61
2005-01-10,2097.04
2005-01-11,2079.62
2005-01-12,2092.53
2005-01-13,2070.56
2005-01-14,2087.91
2005-01-17,.
2005-01-18,2106.04
2005-01-19,2073.59
2005-01-20,2045.88
2005-01-21,2034.27
2005-01-24,2008.70
2005-01-25,2019.95
2005-01-26,2046.09
2005-01-27,2047.15
2005-01-28,2035.83
2005-01-31,2062.41
2005-02-01,2068.70
2005-02-02,2075.06
2005-02-03,2057.64
2005-02-04,2086.66
2005-02-07,2082.03
2005-02-08,2086.68
2005-02-09,2052.55
2005-02-10,2053.10
2005-02-11,2076.66
2005-02-14,2082.91
2005-02-15,2089.21
2005-02-16,2087.43
2005-02-17,2061.34
2005-02-18,2058.62
2005-02-21,.
2005-02-22,2030.32
2005-02-23,2031.25
2005-02-24,2051.70
2005-02-25,2065.40
2005-02-28,2051.72
2005-03-01,2071.25
2005-03-02,2067.50
2005-03-03,2058.40
2005-03-04,2070.61
2005-03-07,2090.21
2005-03-08,2073.55
2005-03-09,2061.29
2005-03-10,2059.72
2005-03-11,2041.60
2005-03-14,2051.04
2005-03-15,2034.98
2005-03-16,2015.75
2005-03-17,2016.42
2005-03-18,2007.79
2005-03-21,2007.51
2005-03-22,1989.34
2005-03-23,1990.22
2005-03-24,1991.06
2005-03-25,.
2005-03-28,1992.52
2005-03-29,1973.88
2005-03-30,2005.67
2005-03-31,1999.23
2005-04-01,1984.81
2005-04-04,1991.07
2005-04-05,1999.32
2005-04-06,1999.14
2005-04-07,2018.79
2005-04-08,1999.35
2005-04-11,1992.12
2005-04-12,2005.40
2005-04-13,1974.37
2005-04-14,1946.71
2005-04-15,1908.15
2005-04-18,1912.92
2005-04-19,1932.36
2005-04-20,1913.76
2005-04-21,1962.41
2005-04-22,1932.19
2005-04-25,1950.78
2005-04-26,1927.44
2005-04-27,1930.43
2005-04-28,1904.18
2005-04-29,1921.65
2005-05-02,1928.65
2005-05-03,1933.07
2005-05-04,1962.23
2005-05-05,1961.80
2005-05-06,1967.35
2005-05-09,1979.67
2005-05-10,1962.77
2005-05-11,1971.55
2005-05-12,1963.88
2005-05-13,1976.78
2005-05-16,1994.43
2005-05-17,2004.15
2005-05-18,2030.65
2005-05-19,2042.58
2005-05-20,2046.42
2005-05-23,2056.65
2005-05-24,2061.62
2005-05-25,2050.12
2005-05-26,2071.24
2005-05-27,2075.73
2005-05-30,.
2005-05-31,2068.22
2005-06-01,2087.86
2005-06-02,2097.80
2005-06-03,2071.43
2005-06-06,2075.76
2005-06-07,2067.16
2005-06-08,2060.18
2005-06-09,2076.91
2005-06-10,2063.00
2005-06-13,2068.96
2005-06-14,2069.04
2005-06-15,2074.92
2005-06-16,2089.15
2005-06-17,2090.11
2005-06-20,2088.13
2005-06-21,2091.07
2005-06-22,2092.03
2005-06-23,2070.66
2005-06-24,2053.27
2005-06-27,2045.20
2005-06-28,2069.89
2005-06-29,2068.89
2005-06-30,2056.96
2005-07-01,2057.37
2005-07-04,.
2005-07-05,2078.75
2005-07-06,2068.65
2005-07-07,2075.66
2005-07-08,2112.88
2005-07-11,2135.43
2005-07-12,2143.15
2005-07-13,2144.11
2005-07-14,2152.82
2005-07-15,2156.78
2005-07-18,2144.87
2005-07-19,2173.18
2005-07-20,2188.57
2005-07-21,2178.60
2005-07-22,2179.74
2005-07-25,2166.74
2005-07-26,2175.99
2005-07-27,2186.22
2005-07-28,2198.44
2005-07-29,2184.83
2005-08-01,2195.38
2005-08-02,2218.15
2005-08-03,2216.81
2005-08-04,2191.32
2005-08-05,2177.91
2005-08-08,2164.39
2005-08-09,2174.19
2005-08-10,2157.81
2005-08-11,2174.55
2005-08-12,2156.90
2005-08-15,2167.04
2005-08-16,2137.06
2005-08-17,2145.15
2005-08-18,2136.08
2005-08-19,2135.56
2005-08-22,2141.41
2005-08-23,2137.25
2005-08-24,2128.91
2005-08-25,2134.37
2005-08-26,2120.77
2005-08-29,2137.65
2005-08-30,2129.76
2005-08-31,2152.09
2005-09-01,2147.90
2005-09-02,2141.07
2005-09-05,.
2005-09-06,2166.86
2005-09-07,2172.03
2005-09-08,2166.03
2005-09-09,2175.51
2005-09-12,2182.83
2005-09-13,2171.75
2005-09-14,2149.33
2005-09-15,2146.15
2005-09-16,2160.35
2005-09-19,2145.26
2005-09-20,2131.33
2005-09-21,2106.64
2005-09-22,2110.78
2005-09-23,2116.84
2005-09-26,2121.46
2005-09-27,2116.42
2005-09-28,2115.40
2005-09-29,2141.22
2005-09-30,2151.69
2005-10-03,2155.43
2005-10-04,2139.36
2005-10-05,2103.02
2005-10-06,2084.08
2005-10-07,2090.35
2005-10-10,2078.92
2005-10-11,2061.09
2005-10-12,2037.47
2005-10-13,2047.22
2005-10-14,2064.83
2005-10-17,2070.30
2005-10-18,2056.00
2005-10-19,2091.24
2005-10-20,2068.11
2005-10-21,2082.21
2005-10-24,2115.83
2005-10-25,2109.45
2005-10-26,2100.05
2005-10-27,2063.81
2005-10-28,2089.88
2005-10-31,2120.30
2005-11-01,2114.05
2005-11-02,2144.31
2005-11-03,2160.22
2005-11-04,2169.43
2005-11-07,2178.24
2005-11-08,2172.07
2005-11-09,2175.81
2005-11-10,2196.68
2005-11-11,2202.47
2005-11-14,2200.95
2005-11-15,2186.74
2005-11-16,2187.93
2005-11-17,2220.46
2005-11-18,2227.07
2005-11-21,2241.67
2005-11-22,2253.56
2005-11-23,2259.98
2005-11-24,.
2005-11-25,2263.01
2005-11-28,2239.37
2005-11-29,2232.71
2005-11-30,2232.82
2005-12-01,2267.17
2005-12-02,2273.37
2005-12-05,2257.64
2005-12-06,2260.76
2005-12-07,2252.01
2005-12-08,2246.46
2005-12-09,2256.73
2005-12-12,2260.95
2005-12-13,2265.00
2005-12-14,2262.59
2005-12-15,2260.63
2005-12-16,2252.48
2005-12-19,2222.74
2005-12-20,2222.42
2005-12-21,2231.66
2005-12-22,2246.49
2005-12-23,2249.42
2005-12-26,.
2005-12-27,2226.89
2005-12-28,2228.94
2005-12-29,2218.16
2005-12-30,2205.32
