Date,Open
12/19/2022,10707.44
12/16/2022,10767.63
12/15/2022,11012.62
12/14/2022,11248.09
12/13/2022,11542.84
12/12/2022,11015.48
12/09/2022,11038.17
12/08/2022,11011.33
12/07/2022,10963.95
12/06/2022,11228.42
12/05/2022,11380.99
12/02/2022,11308.38
12/01/2022,11475.17
11/30/2022,10995.2
11/29/2022,11060.02
11/28/2022,11147.57
11/25/2022,11231
11/23/2022,11174.61
11/22/2022,11058.56
11/21/2022,11091.01
11/18/2022,11257.01
11/17/2022,11008.67
11/16/2022,11260.1
11/15/2022,11474.82
11/14/2022,11233.9
11/11/2022,11124.75
11/10/2022,10869.17
11/09/2022,10531.64
11/08/2022,10611.53
11/07/2022,10516.94
11/04/2022,10548.14
11/03/2022,10399.45
11/02/2022,10885.01
11/01/2022,11154.74
10/31/2022,11028.43
10/28/2022,10766.2
10/27/2022,10971.95
10/26/2022,10969.02
10/25/2022,10996.97
10/24/2022,10867.07
10/21/2022,10576.04
10/20/2022,10657.41
10/19/2022,10689.31
10/18/2022,10963.99
10/17/2022,10575.65
10/14/2022,10742.81
10/13/2022,10131.82
10/12/2022,10437
10/11/2022,10484.37
10/10/2022,10659.95
10/07/2022,10877.28
10/06/2022,11129.04
10/05/2022,11022.67
10/04/2022,11054.72
10/03/2022,10659.01
09/30/2022,10697.71
09/29/2022,10894.44
09/28/2022,10817.52
09/27/2022,10955.29
09/26/2022,10833.38
09/23/2022,10952.69
09/22/2022,11167.38
09/21/2022,11466.21
09/20/2022,11440.14
09/19/2022,11338.57
09/16/2022,11401.21
09/15/2022,11633.24
09/14/2022,11680.41
09/13/2022,11908.81
09/12/2022,12174.94
09/09/2022,11958.61
09/08/2022,11679.86
09/07/2022,11559.38
09/06/2022,11643.03
09/02/2022,11899.14
09/01/2022,11707.44
08/31/2022,11972.56
08/30/2022,12093.06
08/29/2022,12021.05
08/26/2022,12630.58
08/25/2022,12506.37
08/24/2022,12375.15
08/23/2022,12380.37
08/22/2022,12523.16
08/19/2022,12832.27
08/18/2022,12937.79
08/17/2022,12968.63
08/16/2022,13082.64
08/15/2022,12996.63
08/12/2022,12866.31
08/11/2022,12987.95
08/10/2022,12793.44
08/09/2022,12557.49
08/08/2022,12703.72
08/05/2022,12538.8
08/04/2022,12675.04
08/03/2022,12433.87
08/02/2022,12479.78
08/01/2022,12317.96
07/29/2022,12239.69
07/28/2022,12036.48
07/27/2022,11756.19
07/26/2022,11701.53
07/25/2022,11837.96
07/22/2022,12025.37
07/21/2022,11914.15
07/20/2022,11726.09
07/19/2022,11515
07/18/2022,11561.64
07/15/2022,11379.36
07/14/2022,11151.21
07/13/2022,11056.55
07/12/2022,11420.89
07/11/2022,11524.49
07/08/2022,11503.61
07/07/2022,11422.6
07/06/2022,11337.9
07/05/2022,10964.18
07/01/2022,11006.83
06/30/2022,11048.25
06/29/2022,11160.22
06/28/2022,11542.24
06/27/2022,11661.02
06/24/2022,11351.31
06/23/2022,11137.68
06/22/2022,10941.95
06/21/2022,10974.05
06/17/2022,10697.55
06/16/2022,10806.02
06/15/2022,10968.4
06/14/2022,10897.43
06/13/2022,10986.85
06/10/2022,11543.88
06/09/2022,12016.47
06/08/2022,12147.28
06/07/2022,11925.81
06/06/2022,12200.33
06/03/2022,12097.12
06/02/2022,11945.57
06/01/2022,12176.89
05/31/2022,12137.54
05/27/2022,11869.69
05/26/2022,11409.84
05/25/2022,11225.03
05/24/2022,11326.44
05/23/2022,11395.47
05/20/2022,11542.67
05/19/2022,11364.4
05/18/2022,11790.68
05/17/2022,11887.98
05/16/2022,11727.14
05/13/2022,11555.97
05/12/2022,11199.25
05/11/2022,11645.57
05/10/2022,11900.34
05/09/2022,11923.03
05/06/2022,12246.83
05/05/2022,12787.52
05/04/2022,12574.73
05/03/2022,12511.46
05/02/2022,12331.69
04/29/2022,12710.42
04/28/2022,12712.86
04/27/2022,12500.88
04/26/2022,12918.04
04/25/2022,12749.17
04/22/2022,13168.8
04/21/2022,13623.7
04/20/2022,13665.38
04/19/2022,13312.44
04/18/2022,13319.39
04/14/2022,13647.43
04/13/2022,13373.12
04/12/2022,13584.69
04/11/2022,13547.29
04/08/2022,13830.47
04/07/2022,13861.49
04/06/2022,14002.58
04/05/2022,14262.28
04/04/2022,14304.35
04/01/2022,14269.53
03/31/2022,14444.78
03/30/2022,14558.59
03/29/2022,14500.39
03/28/2022,14177.21
03/25/2022,14194.72
03/24/2022,14001.32
03/23/2022,13990.35
03/22/2022,13866.43
03/21/2022,13860.39
03/18/2022,13564.63
03/17/2022,13360.72
03/16/2022,13119.36
03/15/2022,12685.23
03/14/2022,12795.12
03/11/2022,13229.77
03/10/2022,13098.35
03/09/2022,13113.7
03/08/2022,12800.04
03/07/2022,13328.36
03/04/2022,13455.23
03/03/2022,13837.59
03/02/2022,13597.53
03/01/2022,13716.7
02/28/2022,13570.83
02/25/2022,13485.26
02/24/2022,12587.88
02/23/2022,13511.75
02/22/2022,13424.36
02/18/2022,13735.4
02/17/2022,14004.19
02/16/2022,14038.92
02/15/2022,13997.18
02/14/2022,13768.97
02/11/2022,14213.62
02/10/2022,14228.68
02/09/2022,14368.16
02/08/2022,13984.43
02/07/2022,14118.79
02/04/2022,13958.48
02/03/2022,14045.83
02/02/2022,14494.47
02/01/2022,14277.43
01/31/2022,13812.19
01/28/2022,13436.71
01/27/2022,13710.99
01/26/2022,13871.77
01/25/2022,13610.87
01/24/2022,13481.5
01/21/2022,14046.22
01/20/2022,14462.85
01/19/2022,14582.22
01/18/2022,14681.83
01/14/2022,14708.02
01/13/2022,15245.04
01/12/2022,15263.1
01/11/2022,14919.26
01/10/2022,14751.78
01/07/2022,15095.72
01/06/2022,15024.15
01/05/2022,15547.16
01/04/2022,15852.14
01/03/2022,15732.5
12/31/2021,15722.91
12/30/2021,15758.98
12/29/2021,15794.92
12/28/2021,15895.2
12/27/2021,15696.83
12/23/2021,15544.79
12/22/2021,15319.16
12/21/2021,15140.43
12/20/2021,14933
12/17/2021,15036.77
12/16/2021,15629.08
12/15/2021,15230.71
12/14/2021,15215.96
12/13/2021,15621.27
12/10/2021,15629.59
12/09/2021,15720.54
12/08/2021,15690.65
12/07/2021,15510.91
12/06/2021,15117.63
12/03/2021,15428.71
12/02/2021,15181.82
12/01/2021,15752.27
11/30/2021,15716.5
11/29/2021,15719.42
11/26/2021,15664.38
11/24/2021,15677.88
11/23/2021,15809.5
11/22/2021,16120.92
11/19/2021,16042.16
11/18/2021,15973.39
11/17/2021,15973.62
11/16/2021,15840.32
11/15/2021,15894.82
11/12/2021,15752.62
11/11/2021,15752.08
11/10/2021,15753.84
11/09/2021,16024.13
11/08/2021,15995.72
11/05/2021,16003.56
11/04/2021,15849.74
11/03/2021,15658.52
11/02/2021,15583.98
11/01/2021,15541.26
10/29/2021,15323.29
10/28/2021,15304.74
10/27/2021,15276
10/26/2021,15317.5
10/25/2021,15165.52
10/22/2021,15158.06
10/21/2021,15104.8
10/20/2021,15160
10/19/2021,15073.13
10/18/2021,14839.74
10/15/2021,14891.24
10/14/2021,14717.5
10/13/2021,14537.17
10/12/2021,14539.09
10/11/2021,14540.08
10/08/2021,14694.72
10/07/2021,14631.8
10/06/2021,14289.45
10/05/2021,14312.86
10/04/2021,14493.12
10/01/2021,14494.93
09/30/2021,14582.6
09/29/2021,14614.88
09/28/2021,14787.21
09/27/2021,14954.18
09/24/2021,14961.61
09/23/2021,14960
09/22/2021,14800.59
09/21/2021,14803.36
09/20/2021,14758.14
09/17/2021,15163.35
09/16/2021,15120.09
09/15/2021,15071.34
09/14/2021,15168.45
09/13/2021,15211.43
09/10/2021,15332.92
09/09/2021,15296.06
09/08/2021,15360.35
09/07/2021,15375.98
09/03/2021,15313.41
09/02/2021,15358.47
09/01/2021,15308.98
08/31/2021,15262.88
08/30/2021,15165.94
08/27/2021,14969.77
08/26/2021,15025.17
08/25/2021,15039.03
08/24/2021,14978.14
08/23/2021,14776.98
08/20/2021,14571.53
08/19/2021,14423.16
08/18/2021,14636.24
08/17/2021,14670.56
08/16/2021,14771.53
08/13/2021,14825.07
08/12/2021,14751.36
08/11/2021,14834.38
08/10/2021,14887.74
08/09/2021,14855.76
08/06/2021,14864.22
08/05/2021,14794.08
08/04/2021,14747.21
08/03/2021,14713.99
08/02/2021,14672.68
07/30/2021,14615.85
07/29/2021,14771.17
07/28/2021,14783.54
07/27/2021,14807.95
07/26/2021,14821.03
07/23/2021,14753.06
07/22/2021,14652.72
07/21/2021,14508.75
07/20/2021,14330.46
07/19/2021,14235.98
07/16/2021,14597.51
07/15/2021,14635.78
07/14/2021,14780.9
07/13/2021,14715.13
07/12/2021,14743.86
07/09/2021,14661.42
07/08/2021,14409.2
07/07/2021,14753.41
07/06/2021,14661.55
07/02/2021,14582.98
07/01/2021,14493.69
06/30/2021,14509.85
06/29/2021,14509.19
06/28/2021,14417.81
06/25/2021,14400.81
06/24/2021,14357.27
06/23/2021,14263.38
06/22/2021,14138.29
06/21/2021,14047.42
06/18/2021,14096.93
06/17/2021,13999.13
06/16/2021,14085.55
06/15/2021,14166.64
06/14/2021,14083.47
06/11/2021,14030.85
06/10/2021,13933.88
06/09/2021,13980.23
06/08/2021,13946.32
06/07/2021,13802.82
06/04/2021,13697.25
06/03/2021,13655.75
06/02/2021,13743.24
06/01/2021,13829.06
05/28/2021,13792.05
05/27/2021,13742.58
05/26/2021,13693.94
05/25/2021,13721.54
05/24/2021,13661.17
05/21/2021,13616.19
05/20/2021,13356.63
05/19/2021,13078.19
05/18/2021,13416.9
05/17/2021,13368.8
05/14/2021,13255.65
05/13/2021,13150.94
05/12/2021,13215.49
05/11/2021,13363.99
05/10/2021,13687.59
05/07/2021,13723.09
05/06/2021,13557.83
05/05/2021,13731.13
05/04/2021,13774.51
05/03/2021,14031.77
04/30/2021,13970.73
04/29/2021,14204.51
04/28/2021,14082.78
04/27/2021,14170.91
04/26/2021,14052.38
04/23/2021,13861.37
04/22/2021,13952.57
04/21/2021,13745.77
04/20/2021,13894.46
04/19/2021,13984.58
04/16/2021,14059.11
04/15/2021,13983.23
04/14/2021,14005.27
04/13/2021,13902.45
04/12/2021,13854.44
04/09/2021,13787.01
04/08/2021,13796.89
04/07/2021,13675.3
04/06/2021,13681.67
04/05/2021,13594.9
04/01/2021,13414.32
03/31/2021,13122.57
03/30/2021,13008.8
03/29/2021,13103.97
03/26/2021,12996.03
03/25/2021,12844.58
03/24/2021,13289.24
03/23/2021,13381.43
03/22/2021,13278.78
03/19/2021,13119.9
03/18/2021,13349.2
03/17/2021,13336.91
03/16/2021,13523.17
03/15/2021,13323.47
03/12/2021,13222.81
03/11/2021,13273.31
03/10/2021,13234.73
03/09/2021,12923.07
03/08/2021,12904.26
03/05/2021,12860.04
03/04/2021,12953.99
03/03/2021,13336.25
03/02/2021,13599.45
03/01/2021,13406.16
02/26/2021,13192.35
02/25/2021,13512.64
02/24/2021,13400.25
02/23/2021,13262.61
02/22/2021,13714.2
02/19/2021,13929.2
02/18/2021,13814.67
02/17/2021,13911.65
02/16/2021,14152.21
02/12/2021,13979.21
02/11/2021,14045.21
02/10/2021,14093.35
02/09/2021,13966.81
02/08/2021,13937.06
02/05/2021,13824.88
02/04/2021,13674.06
02/03/2021,13718.31
02/02/2021,13543.1
02/01/2021,13226.18
01/29/2021,13284.72
01/28/2021,13323.29
01/27/2021,13486.58
01/26/2021,13681.72
01/25/2021,13681.21
01/22/2021,13474.81
01/21/2021,13521.48
01/20/2021,13342.55
01/19/2021,13132.73
01/15/2021,13099.9
01/14/2021,13174.75
01/13/2021,13088.01
01/12/2021,13062.06
01/11/2021,13048.78
01/08/2021,13160.22
01/07/2021,12867.34
01/06/2021,12666.15
01/05/2021,12665.65
01/04/2021,12958.52
12/31/2020,12877.09
12/30/2020,12906.51
12/29/2020,12965.39
12/28/2020,12914.64
12/24/2020,12791.54
12/23/2020,12834.94
12/22/2020,12785.22
12/21/2020,12596.14
12/18/2020,12804.93
12/17/2020,12730.78
12/16/2020,12611.04
12/15/2020,12543.26
12/14/2020,12447.44
12/11/2020,12336.79
12/10/2020,12247.55
12/09/2020,12591.69
12/08/2020,12503.17
12/07/2020,12461
12/04/2020,12399.32
12/03/2020,12369.26
12/02/2020,12285.75
12/01/2020,12313.36
11/30/2020,12224.25
11/27/2020,12159.18
11/25/2020,12069.34
11/24/2020,11939.33
11/23/2020,11916.76
11/20/2020,11892.7
11/19/2020,11779.04
11/18/2020,11896.06
11/17/2020,11913.35
11/16/2020,11847.11
11/13/2020,11794.94
11/12/2020,11802.5
11/11/2020,11656.65
11/10/2020,11622.44
11/09/2020,12046.66
11/06/2020,11869.9
11/05/2020,11816.33
11/04/2020,11443.77
11/03/2020,11038.66
11/02/2020,11010.45
10/30/2020,11103.47
10/29/2020,11064.47
10/28/2020,11230.9
10/27/2020,11409.34
10/26/2020,11440.64
10/23/2020,11536
10/22/2020,11526.97
10/21/2020,11530.39
10/20/2020,11609.56
10/19/2020,11732.34
10/16/2020,11761.83
10/15/2020,11559.88
10/14/2020,11889.07
10/13/2020,11901.76
10/12/2020,11732.32
10/09/2020,11487.6
10/08/2020,11443.35
10/07/2020,11271.68
10/06/2020,11314.53
10/05/2020,11169.11
10/02/2020,11082.53
10/01/2020,11291.99
09/30/2020,11092.9
09/29/2020,11109
09/28/2020,11084.38
09/25/2020,10680.46
09/24/2020,10551.02
09/23/2020,10950.82
09/22/2020,10873.3
09/21/2020,10536.08
09/18/2020,10973.45
09/17/2020,10796.05
09/16/2020,11222.08
09/15/2020,11201.25
09/14/2020,11010.14
09/11/2020,11010.07
09/10/2020,11235.53
09/09/2020,11064.76
09/08/2020,10900.69
09/04/2020,11396.24
09/03/2020,11861.9
09/02/2020,12047.26
09/01/2020,11850.96
08/31/2020,11718.81
08/28/2020,11689.28
08/27/2020,11688.19
08/26/2020,11516.62
08/25/2020,11370.23
08/24/2020,11449.25
08/21/2020,11258.44
08/20/2020,11096.4
08/19/2020,11214.8
08/18/2020,11170.75
08/17/2020,11083.24
08/14/2020,11042.24
08/13/2020,11026.86
08/12/2020,10878.12
08/11/2020,10942.66
08/10/2020,11033.72
08/07/2020,11072.53
08/06/2020,10989.98
08/05/2020,10967.87
08/04/2020,10916.9
08/03/2020,10848.64
07/31/2020,10741.47
07/30/2020,10450.12
07/29/2020,10474.7
07/28/2020,10509.2
07/27/2020,10421.7
07/24/2020,10294.41
07/23/2020,10689.5
07/22/2020,10687.58
07/21/2020,10837.88
07/20/2020,10526.02
07/17/2020,10500.52
07/16/2020,10443.87
07/15/2020,10576.72
07/14/2020,10310.25
07/13/2020,10729.92
07/10/2020,10545.91
07/09/2020,10563.72
07/08/2020,10409.35
07/07/2020,10412.46
07/06/2020,10360.38
07/02/2020,10268.67
07/01/2020,10063.67
06/30/2020,9875.29
06/29/2020,9771.72
06/26/2020,9995.12
06/25/2020,9899.36
06/24/2020,10092.92
06/23/2020,10130.83
06/22/2020,9945.49
06/19/2020,10042.13
06/18/2020,9892.48
06/17/2020,9943.31
06/16/2020,9949.78
06/15/2020,9426.9
06/12/2020,9715.87
06/11/2020,9791.24
06/10/2020,10012.32
06/09/2020,9867.19
06/08/2020,9823.44
06/05/2020,9703.54
06/04/2020,9649.65
06/03/2020,9651.86
06/02/2020,9566.53
06/01/2020,9471.42
05/29/2020,9382.35
05/28/2020,9392.99
05/27/2020,9346.12
05/26/2020,9501.21
05/22/2020,9278.55
05/21/2020,9375.19
05/20/2020,9305.62
05/19/2020,9227.46
05/18/2020,9177.15
05/15/2020,8839.99
05/14/2020,8788.04
05/13/2020,9006.05
05/12/2020,9225.14
05/11/2020,9054.91
05/08/2020,9056.89
05/07/2020,8973.78
05/06/2020,8874.7
05/05/2020,8809.66
05/04/2020,8555.32
05/01/2020,8681.29
04/30/2020,8911.01
04/29/2020,8802.7
04/28/2020,8825.68
04/27/2020,8717.98
04/24/2020,8530.08
04/23/2020,8528.84
04/22/2020,8434.55
04/21/2020,8460.69
04/20/2020,8553.37
04/17/2020,8667.48
04/16/2020,8479.11
04/15/2020,8355.96
04/14/2020,8353.21
04/13/2020,8127.69
04/09/2020,8169.01
04/08/2020,7975.72
04/07/2020,8129.99
04/06/2020,7660.17
04/03/2020,7477.27
04/02/2020,7317.45
04/01/2020,7459.5
03/31/2020,7740.06
03/30/2020,7583.46
03/27/2020,7554.25
03/26/2020,7462.21
03/25/2020,7421.36
03/24/2020,7196.15
03/23/2020,6847.28
03/20/2020,7248.07
03/19/2020,6996.45
03/18/2020,6902.32
03/17/2020,7072
03/16/2020,7392.73
03/13/2020,7610.39
03/12/2020,7398.58
03/11/2020,8136.25
03/10/2020,8219.76
03/09/2020,7957.93
03/06/2020,8469.02
03/05/2020,8790.09
03/04/2020,8834.1
03/03/2020,8965.1
03/02/2020,8667.14
02/28/2020,8269.74
02/27/2020,8744.03
02/26/2020,9011.55
02/25/2020,9301.2
02/24/2020,9188.44
02/21/2020,9708.01
02/20/2020,9799.2
02/19/2020,9782.81
02/18/2020,9679.04
02/14/2020,9728.9
02/13/2020,9657.04
02/12/2020,9688.6
02/11/2020,9680.89
02/10/2020,9493.63
02/07/2020,9526.64
02/06/2020,9540.98
02/05/2020,9574.1
02/04/2020,9398.39
02/03/2020,9190.72
01/31/2020,9284.93
01/30/2020,9211.15
01/29/2020,9318.26
01/28/2020,9201.82
01/27/2020,9092.46
01/24/2020,9446.2
01/23/2020,9377.72
01/22/2020,9413.61
01/21/2020,9361.07
01/17/2020,9392.37
01/16/2020,9313.45
01/15/2020,9253.76
01/14/2020,9270.61
01/13/2020,9213.72
01/10/2020,9232.94
01/09/2020,9202.27
01/08/2020,9068.03
01/07/2020,9076.64
01/06/2020,8943.5
01/03/2020,8976.43
01/02/2020,9039.46
12/31/2019,8918.74
12/30/2019,9004.45
12/27/2019,9049.47
12/26/2019,8970.21
12/24/2019,8955.01
12/23/2019,8950.2
12/20/2019,8911.84
12/19/2019,8838.97
12/18/2019,8834.65
12/17/2019,8829.47
12/16/2019,8791.31
12/13/2019,8713.91
12/12/2019,8645.36
12/11/2019,8631.12
12/10/2019,8623.56
12/09/2019,8650.86
12/06/2019,8634.25
12/05/2019,8587.93
12/04/2019,8557.45
12/03/2019,8460.72
12/02/2019,8672.84
11/29/2019,8682.01
11/27/2019,8669.59
11/26/2019,8635.4
11/25/2019,8559.65
11/22/2019,8530.54
11/21/2019,8527.87
11/20/2019,8543.57
11/19/2019,8578.02
11/18/2019,8529.16
11/15/2019,8524.48
11/14/2019,8461.06
11/13/2019,8455.02
11/12/2019,8471.07
11/11/2019,8431.26
11/08/2019,8422.67
11/07/2019,8455.11
11/06/2019,8426.57
11/05/2019,8446.62
11/04/2019,8445.5
11/01/2019,8335.05
10/31/2019,8314.38
10/30/2019,8284.28
10/29/2019,8313.35
10/28/2019,8285.77
10/25/2019,8150.59
10/24/2019,8180.04
10/23/2019,8090.24
10/22/2019,8188.12
10/21/2019,8137.42
10/18/2019,8149.85
10/17/2019,8176.91
10/16/2019,8119.81
10/15/2019,8074.85
10/14/2019,8044.35
10/11/2019,8085.2
10/10/2019,7904.56
10/09/2019,7895.96
10/08/2019,7898.27
10/07/2019,7956.41
10/04/2019,7908.44
10/03/2019,7787.02
10/02/2019,7851.13
10/01/2019,8026.83
09/30/2019,7964.09
09/27/2019,8047.11
09/26/2019,8070.12
09/25/2019,7990.66
09/24/2019,8147.23
09/23/2019,8106.49
09/20/2019,8184.88
09/19/2019,8193.59
09/18/2019,8174.62
09/17/2019,8148.65
09/16/2019,8121.64
09/13/2019,8190.57
09/12/2019,8206.58
09/11/2019,8091.68
09/10/2019,8049.98
09/09/2019,8130.91
09/06/2019,8125.58
09/05/2019,8061.29
09/04/2019,7949.81
09/03/2019,7906.44
08/30/2019,8015.16
08/29/2019,7945.78
08/28/2019,7798.35
08/27/2019,7908.78
08/26/2019,7829.58
08/23/2019,7943.65
08/22/2019,8038.79
08/21/2019,8017.07
08/20/2019,7989.36
08/19/2019,8006.18
08/16/2019,7828.35
08/15/2019,7790.2
08/14/2019,7877.33
08/13/2019,7852.37
08/12/2019,7907.49
08/09/2019,7997.19
08/08/2019,7921.59
08/07/2019,7747.27
08/06/2019,7804.51
08/05/2019,7823.33
08/02/2019,8056.42
08/01/2019,8190.56
07/31/2019,8290.8
07/30/2019,8231.77
07/29/2019,8325.1
07/26/2019,8294.3
07/25/2019,8294.68
07/24/2019,8227.36
07/23/2019,8242.5
07/22/2019,8171.99
07/19/2019,8241.34
07/18/2019,8151.76
07/17/2019,8224
07/16/2019,8251.66
07/15/2019,8263.18
07/12/2019,8209.2
07/11/2019,8219.28
07/10/2019,8183.19
07/09/2019,8061.41
07/08/2019,8112.91
07/05/2019,8123.28
07/03/2019,8129.57
07/02/2019,8086.65
07/01/2019,8145.85
06/28/2019,7988.76
06/27/2019,7939.36
06/26/2019,7933.92
06/25/2019,8005.27
06/24/2019,8040.58
06/21/2019,8028.69
06/20/2019,8087.45
06/19/2019,7970.26
06/18/2019,7920.98
06/17/2019,7819.43
06/14/2019,7807.19
06/13/2019,7822.56
06/12/2019,7803.13
06/11/2019,7901.04
06/10/2019,7798.87
06/07/2019,7652.97
06/06/2019,7582.24
06/05/2019,7585.68
06/04/2019,7413.94
06/03/2019,7441.21
05/31/2019,7470.95
05/30/2019,7565.46
05/29/2019,7553.02
05/28/2019,7655.66
05/24/2019,7675.57
05/23/2019,7660.72
05/22/2019,7749.8
05/21/2019,7765.57
05/20/2019,7714.06
05/17/2019,7829.03
05/16/2019,7832.58
05/15/2019,7682.8
05/14/2019,7689.66
05/13/2019,7720.07
05/10/2019,7881.31
05/09/2019,7853.21
05/08/2019,7946.24
05/07/2019,8043.52
05/06/2019,7981.85
05/03/2019,8092.88
05/02/2019,8046.48
05/01/2019,8132.93
04/30/2019,8104.91
04/29/2019,8147.65
04/26/2019,8100.28
04/25/2019,8150.85
04/24/2019,8122.88
04/23/2019,8026.75
04/22/2019,7969.37
04/18/2019,7998.45
04/17/2019,8044.97
04/16/2019,8000.57
04/15/2019,7987.16
04/12/2019,7984.15
04/11/2019,7975.2
04/10/2019,7922.73
04/09/2019,7924.77
04/08/2019,7924.89
04/05/2019,7914.51
04/04/2019,7894.26
04/03/2019,7891.18
04/02/2019,7824.61
04/01/2019,7800.24
03/29/2019,7726.71
03/28/2019,7660.07
03/27/2019,7702.05
03/26/2019,7700
03/25/2019,7618.98
03/22/2019,7800.25
03/21/2019,7705.43
03/20/2019,7721.95
03/19/2019,7747.4
03/18/2019,7696.38
03/15/2019,7658.41
03/14/2019,7644.79
03/13/2019,7621.38
03/12/2019,7571.85
03/11/2019,7442.56
03/08/2019,7334.35
03/07/2019,7483.79
03/06/2019,7575.38
03/05/2019,7582.29
03/04/2019,7636.62
03/01/2019,7587.45
02/28/2019,7533.31
02/27/2019,7526.42
02/26/2019,7535.29
02/25/2019,7585.3
02/22/2019,7481.63
02/21/2019,7475.41
02/20/2019,7490.31
02/19/2019,7450.75
02/15/2019,7468.57
02/14/2019,7390.25
02/13/2019,7437.46
02/12/2019,7358.85
02/11/2019,7327.37
02/08/2019,7232.3
02/07/2019,7316.5
02/06/2019,7400.44
02/05/2019,7356.34
02/04/2019,7266.28
02/01/2019,7256.37
01/31/2019,7208.17
01/30/2019,7094.79
01/29/2019,7087.49
01/28/2019,7075.01
01/25/2019,7128.18
01/24/2019,7042.25
01/23/2019,7061.65
01/22/2019,7109.57
01/18/2019,7134.09
01/17/2019,7010.13
01/16/2019,7033.75
01/15/2019,6931.39
01/14/2019,6908.03
01/11/2019,6947.46
01/10/2019,6908.65
01/09/2019,6923.06
01/08/2019,6893.44
01/07/2019,6757.53
01/04/2019,6567.14
01/03/2019,6584.77
01/02/2019,6506.91
12/31/2018,6649.52
12/28/2018,6616.79
12/27/2018,6457.19
12/26/2018,6257.86
12/24/2018,6278.49
12/21/2018,6573.49
12/20/2018,6607.76
12/19/2018,6777.59
12/18/2018,6809.82
12/17/2018,6886.46
12/14/2018,6986.37
12/13/2018,7135.28
12/12/2018,7127
12/11/2018,7121.66
12/10/2018,6959.63
12/07/2018,7163.49
12/06/2018,7017.05
12/04/2018,7407.95
12/03/2018,7486.13
11/30/2018,7279.3
11/29/2018,7267.37
11/28/2018,7135.08
11/27/2018,7041.23
11/26/2018,7026.5
11/23/2018,6919.52
11/21/2018,6985.51
11/20/2018,6867.43
11/19/2018,7217.24
11/16/2018,7193.6
11/15/2018,7112.83
11/14/2018,7265.39
11/13/2018,7230.69
11/12/2018,7364.05
11/09/2018,7468.51
11/08/2018,7544.17
11/07/2018,7446.09
11/06/2018,7326.07
11/05/2018,7344.08
11/02/2018,7424.02
11/01/2018,7327.82
10/31/2018,7276.62
10/30/2018,7017.87
10/29/2018,7272.42
10/26/2018,7125.18
10/25/2018,7197.49
10/24/2018,7423.21
10/23/2018,7328.55
10/22/2018,7486.74
10/19/2018,7530.15
10/18/2018,7616.47
10/17/2018,7669.26
10/16/2018,7501.78
10/15/2018,7473.33
10/12/2018,7507.84
10/11/2018,7388.07
10/10/2018,7694.08
10/09/2018,7728.51
10/08/2018,7747.1
10/05/2018,7874.76
10/04/2018,7993.33
10/03/2018,8034.65
10/02/2018,8024.47
10/01/2018,8091.5
09/28/2018,8024.5
09/27/2018,8021.22
09/26/2018,8011.68
09/25/2018,8001.59
09/24/2018,7939.38
09/21/2018,8041.69
09/20/2018,7993.53
09/19/2018,7962.54
09/18/2018,7903.57
09/17/2018,7992.21
09/14/2018,8026.16
09/13/2018,7999.93
09/12/2018,7958.87
09/11/2018,7894.87
09/10/2018,7939.57
09/07/2018,7878.79
09/06/2018,7998.27
09/05/2018,8073.53
09/04/2018,8087.95
08/31/2018,8079.31
08/30/2018,8094.2
08/29/2018,8044.34
08/28/2018,8039.01
08/27/2018,7989.64
08/24/2018,7907.81
08/23/2018,7886.47
08/22/2018,7844.04
08/21/2018,7840.09
08/20/2018,7834.37
08/17/2018,7786.64
08/16/2018,7826.95
08/15/2018,7810.02
08/14/2018,7847.88
08/13/2018,7848
08/10/2018,7834.71
08/09/2018,7886.51
08/08/2018,7880
08/07/2018,7878.62
08/06/2018,7809.54
08/03/2018,7819.23
08/02/2018,7659.52
08/01/2018,7701.82
07/31/2018,7654.59
07/30/2018,7735.27
07/27/2018,7889.75
07/26/2018,7848.04
07/25/2018,7839.09
07/24/2018,7914.35
07/23/2018,7806.93
07/20/2018,7843.08
07/19/2018,7829.8
07/18/2018,7859.43
07/17/2018,7751.97
07/16/2018,7831.74
07/13/2018,7827.62
07/12/2018,7752.71
07/11/2018,7698.51
07/10/2018,7770.63
07/09/2018,7731.74
07/06/2018,7595.93
07/05/2018,7550.66
07/03/2018,7593.63
07/02/2018,7451.9
06/29/2018,7544.13
06/28/2018,7438.11
06/27/2018,7586.33
06/26/2018,7553.74
06/25/2018,7631.12
06/22/2018,7739.69
06/21/2018,7800.3
06/20/2018,7764.15
06/19/2018,7658.47
06/18/2018,7692.96
06/15/2018,7725.03
06/14/2018,7723.53
06/13/2018,7713.9
06/12/2018,7673.87
06/11/2018,7647.24
06/08/2018,7607.74
06/07/2018,7697.41
06/06/2018,7652.8
06/05/2018,7621.36
06/04/2018,7570.08
06/01/2018,7487.66
05/31/2018,7455.58
05/30/2018,7428.41
05/29/2018,7398.51
05/25/2018,7422.2
05/24/2018,7421.99
05/23/2018,7335.03
05/22/2018,7420.85
05/21/2018,7406.33
05/18/2018,7364.34
05/17/2018,7379.58
05/16/2018,7356.22
05/15/2018,7361.3
05/14/2018,7429.45
05/11/2018,7393.96
05/10/2018,7355.9
05/09/2018,7281.53
05/08/2018,7255.34
05/07/2018,7241.82
05/04/2018,7065.67
05/03/2018,7065.03
05/02/2018,7138.45
05/01/2018,7053.65
04/30/2018,7133.95
04/27/2018,7195.52
04/26/2018,7080.49
04/25/2018,7009.99
04/24/2018,7160.77
04/23/2018,7173.99
04/20/2018,7220.64
04/19/2018,7258.61
04/18/2018,7292.38
04/17/2018,7215.12
04/16/2018,7153.87
04/13/2018,7179.62
04/12/2018,7112.02
04/11/2018,7055
04/10/2018,7060.99
04/09/2018,6971.45
04/06/2018,6999.57
04/05/2018,7099.25
04/04/2018,6811.77
04/03/2018,6924.35
04/02/2018,7016.17
03/29/2018,6984.65
03/28/2018,6978.3
03/27/2018,7255.47
03/26/2018,7125.2
03/23/2018,7170.68
03/22/2018,7257.55
03/21/2018,7347.5
03/20/2018,7353.25
03/19/2018,7419.2
03/16/2018,7504.37
03/15/2018,7509.24
03/14/2018,7539.78
03/13/2018,7627.52
03/12/2018,7581.04
03/09/2018,7475.98
03/08/2018,7422.77
03/07/2018,7311.74
03/06/2018,7366.61
03/05/2018,7222.89
03/02/2018,7099.54
03/01/2018,7274.75
02/28/2018,7371.41
02/27/2018,7416.17
02/26/2018,7373.3
02/23/2018,7261.35
02/22/2018,7252.46
02/21/2018,7258.48
02/20/2018,7209.03
02/16/2018,7236.51
02/15/2018,7200.75
02/14/2018,6979.24
02/13/2018,6942.16
02/12/2018,6936.68
02/09/2018,6863.34
02/08/2018,7067.3
02/07/2018,7086.2
02/06/2018,6837.56
02/05/2018,7165.96
02/02/2018,7347.59
02/01/2018,7377.17
01/31/2018,7443.25
01/30/2018,7388.89
01/29/2018,7484.47
01/26/2018,7448.33
01/25/2018,7457.94
01/24/2018,7474.16
01/23/2018,7424.95
01/22/2018,7338.04
01/19/2018,7312
01/18/2018,7293.65
01/17/2018,7257.77
01/16/2018,7307.19
01/12/2018,7208.17
01/11/2018,7168.73
01/10/2018,7129.83
01/09/2018,7174.19
01/08/2018,7135.38
01/05/2018,7105.74
01/04/2018,7089.5
01/03/2018,7017.07
01/02/2018,6937.65
12/29/2017,6952.61
12/28/2017,6953.38
12/27/2017,6941.45
12/26/2017,6928.92
12/22/2017,6958.02
12/21/2017,6972.88
12/20/2017,6991.25
12/19/2017,6991.25
12/18/2017,6980.4
12/15/2017,6871.55
12/14/2017,6887.38
12/13/2017,6880.41
12/12/2017,6872.71
12/11/2017,6847.64
12/08/2017,6859.95
12/07/2017,6785.74
12/06/2017,6742.07
12/05/2017,6759.14
12/04/2017,6897.13
12/01/2017,6844.04
11/30/2017,6852.8
11/29/2017,6907.28
11/28/2017,6893.72
11/27/2017,6889.91
11/24/2017,6878.11
11/22/2017,6869.53
11/21/2017,6820.55
11/20/2017,6789.28
11/17/2017,6794.45
11/16/2017,6742.33
11/15/2017,6700.68
11/14/2017,6733.87
11/13/2017,6727.39
11/10/2017,6736.39
11/09/2017,6737.45
11/08/2017,6764.85
11/07/2017,6785.44
11/06/2017,6763.3
11/03/2017,6737.09
11/02/2017,6709.39
11/01/2017,6758.64
10/31/2017,6713.71
10/30/2017,6693.77
10/27/2017,6635.03
10/26/2017,6567.59
10/25/2017,6587.22
10/24/2017,6598.6
10/23/2017,6641.57
10/20/2017,6633.37
10/19/2017,6583.7
10/18/2017,6634.26
10/17/2017,6621.42
10/16/2017,6622.55
10/13/2017,6613.21
10/12/2017,6594.76
10/11/2017,6586.73
10/10/2017,6602.49
10/09/2017,6597.37
10/06/2017,6566.95
10/05/2017,6552.87
10/04/2017,6521.96
10/03/2017,6523.74
10/02/2017,6506.08
09/29/2017,6461.28
09/28/2017,6437.96
09/27/2017,6414.37
09/26/2017,6391.85
09/25/2017,6403.11
09/22/2017,6401.44
09/21/2017,6448.57
09/20/2017,6459.74
09/19/2017,6465.57
09/18/2017,6460.1
09/15/2017,6426.16
09/14/2017,6439.46
09/13/2017,6440.72
09/12/2017,6448.81
09/11/2017,6411.18
09/08/2017,6389.65
09/07/2017,6402.94
09/06/2017,6394.35
09/05/2017,6414.82
09/01/2017,6442.17
08/31/2017,6385.8
08/30/2017,6308.68
08/29/2017,6228.9
08/28/2017,6286.01
08/25/2017,6293.81
08/24/2017,6294.82
08/23/2017,6263.47
08/22/2017,6241.21
08/21/2017,6216.32
08/18/2017,6222.46
08/17/2017,6322.72
08/16/2017,6348.11
08/15/2017,6350.51
08/14/2017,6306.11
08/11/2017,6222.18
08/10/2017,6312.65
08/09/2017,6322.92
08/08/2017,6373.33
08/07/2017,6361.06
08/04/2017,6350.79
08/03/2017,6366.24
08/02/2017,6393.1
08/01/2017,6372.16
07/31/2017,6394.69
07/28/2017,6350.27
07/27/2017,6459.76
07/26/2017,6425.93
07/25/2017,6407.59
07/24/2017,6387.82
07/21/2017,6383.05
07/20/2017,6396.46
07/19/2017,6363.24
07/18/2017,6304.82
07/17/2017,6320.35
07/14/2017,6289.08
07/13/2017,6269.1
07/12/2017,6238.9
07/11/2017,6171.25
07/10/2017,6156.03
07/07/2017,6111.21
07/06/2017,6109.6
07/05/2017,6122.06
07/03/2017,6173.29
06/30/2017,6166.84
06/29/2017,6215.49
06/28/2017,6173.1
06/27/2017,6227.9
06/26/2017,6292.73
06/23/2017,6234.35
06/22/2017,6239.15
06/21/2017,6202.75
06/20/2017,6229.62
06/19/2017,6196.85
06/16/2017,6154.28
06/15/2017,6127.05
06/14/2017,6237.46
06/13/2017,6206.12
06/12/2017,6153.56
06/09/2017,6330.25
06/08/2017,6311.73
06/07/2017,6290.44
06/06/2017,6281.88
06/05/2017,6305.47
06/02/2017,6261.59
06/01/2017,6215.91
05/31/2017,6221.63
05/30/2017,6204.18
05/26/2017,6207.04
05/25/2017,6183.02
05/24/2017,6154.18
05/23/2017,6149.55
05/22/2017,6098.25
05/19/2017,6070.23
05/18/2017,5998.46
05/17/2017,6108.62
05/16/2017,6160.52
05/15/2017,6128.11
05/12/2017,6119.27
05/11/2017,6110.05
05/10/2017,6121.64
05/09/2017,6111.82
05/08/2017,6100.66
05/05/2017,6091.69
05/04/2017,6075.06
05/03/2017,6075.04
05/02/2017,6102.51
05/01/2017,6067.56
04/28/2017,6072.87
04/27/2017,6038.47
04/26/2017,6028.12
04/25/2017,6004.16
04/24/2017,5979.96
04/21/2017,5919.02
04/20/2017,5887.87
04/19/2017,5874.43
04/18/2017,5838.59
04/17/2017,5821.55
04/13/2017,5828.37
04/12/2017,5863.59
04/11/2017,5871.16
04/10/2017,5883.43
04/07/2017,5873.94
04/06/2017,5870.52
04/05/2017,5911.92
04/04/2017,5878.76
04/03/2017,5917.32
03/31/2017,5905.63
03/30/2017,5896.15
03/29/2017,5875.35
03/28/2017,5836.5
03/27/2017,5776.33
03/24/2017,5839.33
03/23/2017,5812.31
03/22/2017,5790.59
03/21/2017,5923.42
03/20/2017,5898.81
03/17/2017,5898.58
03/16/2017,5907.86
03/15/2017,5869.97
03/14/2017,5860.07
03/13/2017,5863.48
03/10/2017,5867.16
03/09/2017,5834.67
03/08/2017,5838.44
03/07/2017,5836.12
03/06/2017,5846.42
03/03/2017,5854.27
03/02/2017,5897.01
03/01/2017,5874.86
02/28/2017,5852.79
02/27/2017,5835.04
02/24/2017,5802.33
02/23/2017,5866.82
02/22/2017,5857.56
02/21/2017,5850.2
02/17/2017,5807.31
02/16/2017,5823.01
02/15/2017,5777.9
02/14/2017,5756.51
02/13/2017,5753.19
02/10/2017,5726.17
02/09/2017,5688.02
02/08/2017,5662.95
02/07/2017,5674.86
02/06/2017,5656.95
02/03/2017,5650.73
02/02/2017,5627.15
02/01/2017,5654.51
01/31/2017,5592.87
01/30/2017,5635.86
01/27/2017,5664.88
01/26/2017,5666.28
01/25/2017,5635.86
01/24/2017,5568.27
01/23/2017,5546.64
01/20/2017,5556.87
01/19/2017,5560.61
01/18/2017,5546.94
01/17/2017,5555.16
01/13/2017,5557.57
01/12/2017,5542.56
01/11/2017,5550.72
01/10/2017,5536.54
01/09/2017,5527.58
01/06/2017,5499.08
01/05/2017,5474.39
01/04/2017,5440.91
01/03/2017,5425.62
12/30/2016,5440.17
12/29/2016,5437.51
12/28/2016,5497.44
12/27/2016,5470.76
12/23/2016,5441.76
12/22/2016,5472.01
12/21/2016,5482.63
12/20/2016,5473.53
12/19/2016,5441.2
12/16/2016,5467.82
12/15/2016,5443.51
12/14/2016,5465.69
12/13/2016,5433.57
12/12/2016,5428.22
12/09/2016,5436.11
12/08/2016,5394.15
12/07/2016,5322.67
12/06/2016,5317.74
12/05/2016,5283.58
12/02/2016,5249.02
12/01/2016,5323.88
11/30/2016,5391.35
11/29/2016,5370.98
11/28/2016,5387.92
11/25/2016,5388.49
11/23/2016,5366.55
11/22/2016,5384.75
11/21/2016,5336.78
11/18/2016,5340.97
11/17/2016,5295.07
11/16/2016,5253.74
11/15/2016,5241.35
11/14/2016,5246.33
11/11/2016,5191.82
11/10/2016,5283.48
11/09/2016,5143.86
11/08/2016,5154.99
11/07/2016,5128.99
11/04/2016,5034.41
11/03/2016,5104.7
11/02/2016,5147.28
11/01/2016,5199.77
10/31/2016,5205.09
10/28/2016,5203.7
10/27/2016,5272.19
10/26/2016,5256.4
10/25/2016,5306.47
10/24/2016,5290.31
10/21/2016,5238.65
10/20/2016,5238.2
10/19/2016,5240.33
10/18/2016,5255.32
10/17/2016,5213.69
10/14/2016,5241.26
10/13/2016,5200.3
10/12/2016,5247.91
10/11/2016,5321.82
10/10/2016,5318.46
10/07/2016,5314.92
10/06/2016,5306.59
10/05/2016,5305.28
10/04/2016,5313.49
10/03/2016,5300.29
09/30/2016,5288.87
09/29/2016,5311.31
09/28/2016,5312.73
09/27/2016,5254.18
09/26/2016,5275.73
09/23/2016,5327.43
09/22/2016,5323.26
09/21/2016,5263.65
09/20/2016,5256.19
09/19/2016,5263.55
09/16/2016,5238.71
09/15/2016,5178.1
09/14/2016,5160.21
09/13/2016,5181.14
09/12/2016,5098.03
09/09/2016,5217.95
09/08/2016,5269.96
09/07/2016,5274.23
09/06/2016,5259.99
09/02/2016,5249.66
09/01/2016,5218.28
08/31/2016,5216.42
08/30/2016,5229.88
08/29/2016,5223.8
08/26/2016,5219.05
08/25/2016,5207.61
08/24/2016,5254.42
08/23/2016,5265.78
08/22/2016,5231.46
08/19/2016,5229.87
08/18/2016,5226.45
08/17/2016,5228.44
08/16/2016,5247.96
08/15/2016,5242.18
08/12/2016,5219.66
08/11/2016,5222.15
08/10/2016,5227.95
08/09/2016,5216.21
08/08/2016,5223.54
08/05/2016,5190.71
08/04/2016,5158.02
08/03/2016,5133.24
08/02/2016,5177.53
08/01/2016,5167.42
07/29/2016,5162.15
07/28/2016,5144.82
07/27/2016,5143.84
07/26/2016,5095.61
07/25/2016,5096.99
07/22/2016,5078.12
07/21/2016,5093.97
07/20/2016,5061.6
07/19/2016,5038.22
07/18/2016,5034.99
07/15/2016,5041.19
07/14/2016,5041.95
07/13/2016,5036.32
07/12/2016,5017.99
07/11/2016,4976.54
07/08/2016,4906.66
07/07/2016,4867.47
07/06/2016,4799.32
07/05/2016,4837.06
07/01/2016,4837.18
06/30/2016,4793.75
06/29/2016,4732.93
06/28/2016,4643.93
06/27/2016,4664.43
06/24/2016,4715.79
06/23/2016,4872.19
06/22/2016,4846.68
06/21/2016,4845.08
06/20/2016,4856.69
06/17/2016,4835.02
06/16/2016,4809.69
06/15/2016,4855.08
06/14/2016,4836.67
06/13/2016,4868.51
06/10/2016,4915.15
06/09/2016,4954.15
06/08/2016,4970.01
06/07/2016,4972.13
06/06/2016,4950.46
06/03/2016,4958.1
06/02/2016,4941.25
06/01/2016,4928.97
05/31/2016,4938.48
05/27/2016,4904.05
05/26/2016,4897.78
05/25/2016,4877.18
05/24/2016,4792.85
05/23/2016,4771.57
05/20/2016,4729.44
05/19/2016,4717.36
05/18/2016,4705.78
05/17/2016,4768.85
05/16/2016,4728.86
05/13/2016,4731.07
05/12/2016,4778.19
05/11/2016,4799.3
05/10/2016,4768.91
05/09/2016,4736.35
05/06/2016,4695.9
05/05/2016,4742.42
05/04/2016,4735.28
05/03/2016,4780.88
05/02/2016,4786.55
04/29/2016,4805.79
04/28/2016,4857.6
04/27/2016,4855.37
04/26/2016,4903.81
04/25/2016,4891.48
04/22/2016,4898.24
04/21/2016,4949.12
04/20/2016,4941.99
04/19/2016,4968.3
04/18/2016,4919.36
04/15/2016,4938.83
04/14/2016,4947.62
04/13/2016,4904.79
04/12/2016,4838.82
04/11/2016,4873.39
04/08/2016,4883.99
04/07/2016,4893.57
04/06/2016,4849.58
04/05/2016,4855.9
04/04/2016,4911.21
04/01/2016,4842.55
03/31/2016,4869.57
03/30/2016,4875.46
03/29/2016,4756.55
03/28/2016,4785.25
03/24/2016,4743.36
03/23/2016,4813.87
03/22/2016,4783.6
03/21/2016,4787.31
03/18/2016,4784.63
03/17/2016,4752.62
03/16/2016,4717.88
03/15/2016,4731.14
03/14/2016,4733.39
03/11/2016,4712.38
03/10/2016,4691.2
03/09/2016,4666.42
03/08/2016,4676.22
03/07/2016,4690.88
03/04/2016,4715.76
03/03/2016,4698.38
03/02/2016,4683.8
03/01/2016,4596.01
02/29/2016,4585.3
02/26/2016,4615.14
02/25/2016,4554.73
02/24/2016,4453.93
02/23/2016,4550.05
02/22/2016,4548.31
02/19/2016,4464.67
02/18/2016,4548.1
02/17/2016,4471.66
02/16/2016,4397.95
02/12/2016,4307.29
02/11/2016,4218.81
02/10/2016,4318.28
02/09/2016,4224.87
02/08/2016,4288.02
02/05/2016,4491.48
02/04/2016,4492.48
02/03/2016,4543.82
02/02/2016,4588.69
02/01/2016,4587.59
01/29/2016,4512.09
01/28/2016,4533.81
01/27/2016,4548.87
01/26/2016,4537.04
01/25/2016,4574.59
01/22/2016,4557.39
01/21/2016,4480.7
01/20/2016,4405.22
01/19/2016,4548.05
01/15/2016,4464.37
01/14/2016,4545.37
01/13/2016,4706.02
01/12/2016,4681.54
01/11/2016,4673.44
01/08/2016,4722.02
01/07/2016,4736.4
01/06/2016,4813.76
01/05/2016,4917.84
01/04/2016,4897.65
12/31/2015,5047.04
12/30/2015,5101.18
12/29/2015,5066.52
12/28/2015,5032.29
12/25/2015,0
12/24/2015,5046.19
12/23/2015,5025.55
12/22/2015,4988.68
12/21/2015,4957.53
12/18/2015,4982.58
12/17/2015,5087.17
12/16/2015,5033.48
12/15/2015,4991.21
12/14/2015,4932.61
12/11/2015,4979.77
12/10/2015,5026.3
12/09/2015,5077.21
12/08/2015,5050.52
12/07/2015,5139.46
12/04/2015,5050.93
12/03/2015,5143.16
12/02/2015,5158.82
12/01/2015,5129.64
11/30/2015,5139.58
11/27/2015,5121.93
11/26/2015,0
11/25/2015,5106.87
11/24/2015,5070.66
11/23/2015,5106.72
11/20/2015,5096.96
11/19/2015,5078.67
11/18/2015,5004.6
11/17/2015,4991.71
11/16/2015,4916.14
11/13/2015,4980.86
11/12/2015,5043.1
11/11/2015,5098.13
11/10/2015,5068.55
11/09/2015,5128.94
11/06/2015,5124.04
11/05/2015,5144.15
11/04/2015,5155.62
11/03/2015,5114.31
11/02/2015,5065.64
10/30/2015,5079.76
10/29/2015,5071.04
10/28/2015,5040.38
10/27/2015,5018.99
10/26/2015,5030.8
10/23/2015,5024.38
10/22/2015,4875.96
10/21/2015,4903.98
10/20/2015,4900.02
10/19/2015,4873.54
10/16/2015,4872.36
10/15/2015,4799.43
10/14/2015,4801.35
10/13/2015,4809.24
10/12/2015,4839.79
10/09/2015,4817.28
10/08/2015,4775.06
10/07/2015,4775.05
10/06/2015,4767.63
10/05/2015,4742.13
10/02/2015,4566.13
10/01/2015,4624.46
09/30/2015,4574.38
09/29/2015,4551.04
09/28/2015,4665.06
09/25/2015,4782.41
09/24/2015,4717.89
09/23/2015,4764.69
09/22/2015,4762.29
09/21/2015,4851.98
09/18/2015,4828.71
09/17/2015,4884.11
09/16/2015,4860.43
09/15/2015,4819.32
09/14/2015,4831.98
09/11/2015,4770.73
09/10/2015,4749.96
09/09/2015,4856.27
09/08/2015,4769.72
09/07/2015,0
09/04/2015,4670.35
09/03/2015,4763.1
09/02/2015,4704.42
09/01/2015,4673.61
08/31/2015,4798.68
08/28/2015,4792.11
08/27/2015,4761.05
08/26/2015,4633.51
08/25/2015,4687.27
08/24/2015,4351.61
08/21/2015,4801.04
08/20/2015,4973.49
08/19/2015,5039.03
08/18/2015,5082.17
08/17/2015,5032.34
08/14/2015,5025.92
08/13/2015,5050.94
08/12/2015,4994.52
08/11/2015,5069.16
08/10/2015,5081.72
08/07/2015,5043.97
08/06/2015,5146.63
08/05/2015,5132.77
08/04/2015,5110.96
08/03/2015,5134.34
07/31/2015,5148.18
07/30/2015,5100.3
07/29/2015,5097.86
07/28/2015,5063.44
07/27/2015,5055.92
07/24/2015,5166.91
07/23/2015,5180.33
07/22/2015,5146.03
07/21/2015,5219.2
07/20/2015,5223.18
07/17/2015,5196.11
07/16/2015,5138.18
07/15/2015,5111.11
07/14/2015,5077.12
07/13/2015,5037.27
07/10/2015,4981.24
07/09/2015,4976.15
07/08/2015,4953.98
07/07/2015,4993.76
07/06/2015,4963.8
07/03/2015,0
07/02/2015,5024.3
07/01/2015,5029.05
06/30/2015,5000.15
06/29/2015,5021.21
06/26/2015,5113.26
06/25/2015,5139.48
06/24/2015,5151.38
06/23/2015,5161.68
06/22/2015,5147.87
06/19/2015,5139.77
06/18/2015,5082.06
06/17/2015,5067.68
06/16/2015,5023.58
06/15/2015,5011.79
06/12/2015,5060.24
06/11/2015,5088.26
06/10/2015,5029.41
06/09/2015,5013.13
06/08/2015,5066.65
06/05/2015,5057.04
06/04/2015,5078.22
06/03/2015,5098.48
06/02/2015,5063.47
06/01/2015,5094.94
05/29/2015,5093.1
05/28/2015,5096.34
05/27/2015,5047.86
05/26/2015,5076.91
05/25/2015,0
05/22/2015,5085.39
05/21/2015,5065.94
05/20/2015,5072.44
05/19/2015,5080.44
05/18/2015,5040.92
05/15/2015,5059.15
05/14/2015,5016.68
05/13/2015,4991.42
05/12/2015,4966.44
05/11/2015,5003.26
05/08/2015,4991.63
05/07/2015,4917.75
05/06/2015,4956.7
05/05/2015,5000.2
05/04/2015,5018.35
05/01/2015,4966.32
04/30/2015,4996.99
04/29/2015,5028.45
04/28/2015,5063.26
04/27/2015,5104.36
04/24/2015,5096.34
04/23/2015,5020.22
04/22/2015,5026.57
04/21/2015,5023.96
04/20/2015,4958.07
04/17/2015,4966.11
04/16/2015,4999.36
04/15/2015,4992.62
04/14/2015,4988.82
04/13/2015,5001.55
04/10/2015,4977.03
04/09/2015,4950.84
04/08/2015,4914.15
04/07/2015,4917.5
04/06/2015,4855.94
04/03/2015,0
04/02/2015,4885.41
04/01/2015,4894.36
03/31/2015,4925.91
03/30/2015,4921.78
03/27/2015,4863.74
03/26/2015,4835.71
03/25/2015,5002.83
03/24/2015,5010.1
03/23/2015,5020.6
03/20/2015,5033.47
03/19/2015,4982.02
03/18/2015,4926.83
03/17/2015,4912.65
03/16/2015,4897.27
03/13/2015,4885.54
03/12/2015,4853.98
03/11/2015,4866.94
03/10/2015,4899.51
03/09/2015,4936.08
03/06/2015,4967.24
03/05/2015,4979.95
03/04/2015,4961.24
03/03/2015,4990.7
03/02/2015,4973.43
02/27/2015,4985.03
02/26/2015,4969.27
02/25/2015,4960.36
02/24/2015,4956.21
02/23/2015,4953.1
02/20/2015,4919.78
02/19/2015,4901.51
02/18/2015,4890.84
02/17/2015,4889.99
02/16/2015,0
02/13/2015,4869.73
02/12/2015,4828.08
02/11/2015,4788.37
02/10/2015,4754.63
02/09/2015,4723.73
02/06/2015,4768.84
02/05/2015,4729.65
02/04/2015,4699.81
02/03/2015,4693.25
02/02/2015,4650.6
01/30/2015,4671.21
01/29/2015,4635.73
01/28/2015,4740.69
01/27/2015,4698.23
01/26/2015,4752.36
01/23/2015,4748.19
01/22/2015,4690.93
01/21/2015,4641.95
01/20/2015,4655.84
01/19/2015,0
01/16/2015,4566.38
01/15/2015,4657.46
01/14/2015,4610.76
01/13/2015,4708.74
01/12/2015,4714.07
01/09/2015,4744.47
01/08/2015,4689.54
01/07/2015,4626.84
01/06/2015,4666.85
01/05/2015,4700.34
01/02/2015,4760.24
01/01/2015,0
12/31/2014,4790.53
12/30/2014,4793.61
12/29/2014,4801.26
12/26/2014,4788.06
12/25/2014,0
12/24/2014,4770.12
12/23/2014,4798.03
12/22/2014,4759.04
12/19/2014,4752.6
12/18/2014,4712.39
12/17/2014,4556.9
12/16/2014,4572.79
12/15/2014,4679.67
12/12/2014,4665.35
12/11/2014,4704.65
12/10/2014,4754.42
12/09/2014,4685.2
12/08/2014,4769.76
12/05/2014,4776.58
12/04/2014,4772
12/03/2014,4761.31
12/02/2014,4732.97
12/01/2014,4777.73
11/28/2014,4797.1
11/27/2014,0
11/26/2014,4760.23
11/25/2014,4762.39
11/24/2014,4725.17
11/21/2014,4751.01
11/20/2014,4655.2
11/19/2014,4694.78
11/18/2014,4674.84
11/17/2014,4678.43
11/14/2014,4679.85
11/13/2014,4681.56
11/12/2014,4644.63
11/11/2014,4649.19
11/10/2014,4635.1
11/07/2014,4636.89
11/06/2014,4616.78
11/05/2014,4649.47
11/04/2014,4623.77
11/03/2014,4633.71
10/31/2014,4639.45
10/30/2014,4532.1
10/29/2014,4551.37
10/28/2014,4505.73
10/27/2014,4469.02
10/24/2014,4459.46
10/23/2014,4427.44
10/22/2014,4429.16
10/21/2014,4359.17
10/20/2014,4254.16
10/17/2014,4275.09
10/16/2014,4133.25
10/15/2014,4154.1
10/14/2014,4246.23
10/13/2014,4274.91
10/10/2014,4354.63
10/09/2014,4458.29
10/08/2014,4385.7
10/07/2014,4433.91
10/06/2014,4492.39
10/03/2014,4456.8
10/02/2014,4421.25
10/01/2014,4486.65
09/30/2014,4512.64
09/29/2014,4465.84
09/26/2014,4476.47
09/25/2014,4540.82
09/24/2014,4514.92
09/23/2014,4511.32
09/22/2014,4568.45
09/19/2014,4606.13
09/18/2014,4575.74
09/17/2014,4553.96
09/16/2014,4502.11
09/15/2014,4567.45
09/12/2014,4588.77
09/11/2014,4567.64
09/10/2014,4554.15
09/09/2014,4588.83
09/08/2014,4579.06
09/05/2014,4560.63
09/04/2014,4581.52
09/03/2014,4610.14
09/02/2014,4592.42
09/01/2014,0
08/29/2014,4571.76
08/28/2014,4552.55
08/27/2014,4574.35
08/26/2014,4563.81
08/25/2014,4563.72
08/22/2014,4534.87
08/21/2014,4526.72
08/20/2014,4517.75
08/19/2014,4514.25
08/18/2014,4490.53
08/15/2014,4479.64
08/14/2014,4438.13
08/13/2014,4407.87
08/12/2014,4394.69
08/11/2014,4387.38
08/08/2014,4340.88
08/07/2014,4373.24
08/06/2014,4326.28
08/05/2014,4364.59
08/04/2014,4365.62
08/01/2014,4363.39
07/31/2014,4421.29
07/30/2014,4468.44
07/29/2014,4456.07
07/28/2014,4451.12
07/25/2014,4448.06
07/24/2014,4481.61
07/23/2014,4468.16
07/22/2014,4444.94
07/21/2014,4421.2
07/18/2014,4379.94
07/17/2014,4411.52
07/16/2014,4446.17
07/15/2014,4444.91
07/14/2014,4441.39
07/11/2014,4401.05
07/10/2014,4352.03
07/09/2014,4403.03
07/08/2014,4442.87
07/07/2014,4477.74
07/04/2014,0
07/03/2014,4472.89
07/02/2014,4457.86
07/01/2014,4424.71
06/30/2014,4398.37
06/27/2014,4371.8
06/26/2014,4379.44
06/25/2014,4341.82
06/24/2014,4367.9
06/23/2014,4368.96
06/20/2014,4365.37
06/19/2014,4370.14
06/18/2014,4341.18
06/17/2014,4316.01
06/16/2014,4303.93
06/13/2014,4315.31
06/12/2014,4323.11
06/11/2014,4322.92
06/10/2014,4329.2
06/09/2014,4324.35
06/06/2014,4312.76
06/05/2014,4259.12
06/04/2014,4222.21
06/03/2014,4222.04
06/02/2014,4247.96
05/30/2014,4251.49
05/29/2014,4238.04
05/28/2014,4234.96
05/27/2014,4206.43
05/26/2014,0
05/23/2014,4159.78
05/22/2014,4136.09
05/21/2014,4105.96
05/20/2014,4121.11
05/19/2014,4080.33
05/16/2014,4070.35
05/15/2014,4096.53
05/14/2014,4122.08
05/13/2014,4144.9
05/12/2014,4092.84
05/09/2014,4043.44
05/08/2014,4053.28
05/07/2014,4085.49
05/06/2014,4128.22
05/05/2014,4099.25
05/02/2014,4138.63
05/01/2014,4121.25
04/30/2014,4085.19
04/29/2014,4089.51
04/28/2014,4091.81
04/25/2014,4125.16
04/24/2014,4174.61
04/23/2014,4160.9
04/22/2014,4132.06
04/21/2014,4105.36
04/18/2014,0
04/17/2014,4080.3
04/16/2014,4066.82
04/15/2014,4032.63
04/14/2014,4038.06
04/11/2014,4015.07
04/10/2014,4181.21
04/09/2014,4129.63
04/08/2014,4085.18
04/07/2014,4110.92
04/04/2014,4263.94
04/03/2014,4282.18
04/02/2014,4281.61
04/01/2014,4219.87
03/31/2014,4185.63
03/28/2014,4163.18
03/27/2014,4169.35
03/26/2014,4254.98
03/25/2014,4252.65
03/24/2014,4289.49
03/21/2014,4339.9
03/20/2014,4297.99
03/19/2014,4331.46
03/18/2014,4286.22
03/17/2014,4274.22
03/14/2014,4250.45
03/13/2014,4338.26
03/12/2014,4288.6
03/11/2014,4342.93
03/10/2014,4332.62
03/07/2014,4370.98
03/06/2014,4368.81
03/05/2014,4352.76
03/04/2014,4327.85
03/03/2014,4261.42
02/28/2014,4323.52
02/27/2014,4291.47
02/26/2014,4300.45
02/25/2014,4298.48
02/24/2014,4273.32
02/21/2014,4282.17
02/20/2014,4241.46
02/19/2014,4260.74
02/18/2014,4253.71
02/17/2014,0
02/14/2014,4237
02/13/2014,4171.58
02/12/2014,4196.85
02/11/2014,4154.66
02/10/2014,4125.12
02/07/2014,4081.82
02/06/2014,4022.66
02/05/2014,4015.5
02/04/2014,4019.44
02/03/2014,4105.06
01/31/2014,4068.63
01/30/2014,4098.81
01/29/2014,4060.61
01/28/2014,4067.86
01/27/2014,4132.22
01/24/2014,4194.97
01/23/2014,4224.36
01/22/2014,4234.58
01/21/2014,4222.98
01/20/2014,0
01/17/2014,4207.82
01/16/2014,4209.59
01/15/2014,4196.53
01/14/2014,4129.6
01/13/2014,4167.41
01/10/2014,4168.94
01/09/2014,4179.04
01/08/2014,4154.28
01/07/2014,4128.57
01/06/2014,4137.03
01/03/2014,4148.56
01/02/2014,4160.03
01/01/2014,0
12/31/2013,4161.51
12/30/2013,4153.58
12/27/2013,4173.36
12/26/2013,4164.21
12/25/2013,0
12/24/2013,4150.64
12/23/2013,4136.14
12/20/2013,4064.89
12/19/2013,4059.34
12/18/2013,4024.67
12/17/2013,4028.88
12/16/2013,4019.37
12/13/2013,4015.53
12/12/2013,4004.75
12/11/2013,4061.67
12/10/2013,4061.17
12/09/2013,4073.75
12/06/2013,4069.86
12/05/2013,4037.99
12/04/2013,4020.33
12/03/2013,4038.99
12/02/2013,4065.66
11/29/2013,4057.16
11/28/2013,0
11/27/2013,4026.92
11/26/2013,3996.7
11/25/2013,4004.37
11/22/2013,3977.31
11/21/2013,3938.11
11/20/2013,3940.98
11/19/2013,3945.97
11/18/2013,3990.06
11/15/2013,3978.27
11/14/2013,3956.47
11/13/2013,3899.38
11/12/2013,3907.82
11/11/2013,3913.64
11/08/2013,3871.24
11/07/2013,3935.81
11/06/2013,3952.18
11/05/2013,3925.06
11/04/2013,3932.6
11/01/2013,3932.45
10/31/2013,3924.34
10/30/2013,3962.4
10/29/2013,3954.34
10/28/2013,3942.56
10/25/2013,3955.98
10/24/2013,3911.61
10/23/2013,3907.3
10/22/2013,3935.54
10/21/2013,3922.65
10/18/2013,3893.36
10/17/2013,3822.85
10/16/2013,3815
10/15/2013,3810.72
10/14/2013,3767.49
10/11/2013,3753.22
10/10/2013,3677.78
10/09/2013,3694.83
10/08/2013,3770.38
10/07/2013,3807.75
10/04/2013,3774.34
10/03/2013,3815.02
10/02/2013,3817.98
10/01/2013,3771.48
09/30/2013,3781.59
09/27/2013,3787.43
09/26/2013,3761.1
09/25/2013,3768.25
09/24/2013,3765.29
09/23/2013,3774.73
09/20/2013,3789.38
09/19/2013,3783.64
09/18/2013,3745.7
09/17/2013,3717.85
09/16/2013,3722.18
09/13/2013,3715.97
09/12/2013,3725.01
09/11/2013,3729.02
09/10/2013,3706.18
09/09/2013,3660.01
09/06/2013,3658.78
09/05/2013,3649.04
09/04/2013,3612.61
09/03/2013,3589.87
09/02/2013,0
08/30/2013,3620.3
08/29/2013,3593.35
08/28/2013,3578.52
08/27/2013,3657.57
08/26/2013,3657.79
08/23/2013,3638.71
08/22/2013,3599.79
08/21/2013,3613.59
08/20/2013,3589.09
08/19/2013,3602.78
08/16/2013,3606.12
08/15/2013,3669.27
08/14/2013,3684.44
08/13/2013,3669.95
08/12/2013,3660.11
08/09/2013,3669.12
08/08/2013,3654.01
08/07/2013,3665.77
08/06/2013,3692.95
08/05/2013,3689.59
08/02/2013,3675.74
08/01/2013,3626.37
07/31/2013,3616.47
07/30/2013,3599.14
07/29/2013,3613.16
07/26/2013,3605.19
07/25/2013,3579.6
07/24/2013,3579.27
07/23/2013,3600.39
07/22/2013,3587.61
07/19/2013,3611.28
07/18/2013,3610
07/17/2013,3598.5
07/16/2013,3607.49
07/15/2013,3600.08
07/12/2013,3578.3
07/11/2013,3520.76
07/10/2013,3504.26
07/09/2013,3484.83
07/08/2013,3479.38
07/05/2013,3443.67
07/04/2013,0
07/03/2013,3433.4
07/02/2013,3434.49
07/01/2013,3403.25
06/28/2013,3401.86
06/27/2013,3376.22
06/26/2013,3347.89
06/25/2013,3320.76
06/24/2013,3357.25
06/21/2013,3364.63
06/20/2013,3443.2
06/19/2013,3482.18
06/18/2013,3452.13
06/17/2013,3423.56
06/14/2013,3445.37
06/13/2013,3400.43
06/12/2013,3436.95
06/11/2013,3473.77
06/10/2013,3469.22
06/07/2013,3424.05
06/06/2013,3401.48
06/05/2013,3445.26
06/04/2013,3465.37
06/03/2013,3455.91
05/31/2013,3491.3
05/30/2013,3467.52
05/29/2013,3488.89
05/28/2013,3459.14
05/27/2013,0
05/24/2013,3459.42
05/23/2013,3463.3
05/22/2013,3502.12
05/21/2013,3496.43
05/20/2013,3498.97
05/17/2013,3465.24
05/16/2013,3471.62
05/15/2013,3462.61
05/14/2013,3438.79
05/13/2013,3436.58
05/10/2013,3409.17
05/09/2013,3413.27
05/08/2013,3396.63
05/07/2013,3392.97
05/06/2013,3378.63
05/03/2013,3340.62
05/02/2013,3299.13
05/01/2013,3328.79
04/30/2013,3307.02
04/29/2013,3279.26
04/26/2013,3289.99
04/25/2013,3269.65
04/24/2013,3269.33
04/23/2013,3233.55
04/22/2013,3206.06
04/19/2013,3166.36
04/18/2013,3204.67
04/17/2013,3264.63
04/16/2013,3216.49
04/15/2013,3294.95
04/12/2013,3300.16
04/11/2013,3297.25
04/10/2013,3237.86
04/09/2013,3222.25
04/08/2013,3203.86
04/05/2013,3224.98
04/04/2013,3218.6
04/03/2013,3254.86
04/02/2013,3239.17
04/01/2013,3267.52
03/29/2013,0
03/28/2013,3256.52
03/27/2013,3252.48
03/26/2013,3235.3
03/25/2013,3245
03/22/2013,3222.6
03/21/2013,3254.19
03/20/2013,3229.1
03/19/2013,3237.59
03/18/2013,3249.07
03/15/2013,3258.93
03/14/2013,3245.12
03/13/2013,3242.32
03/12/2013,3252.87
03/11/2013,3244.37
03/08/2013,3232.09
03/07/2013,3222.37
03/06/2013,3224.13
03/05/2013,3182.03
03/04/2013,3169.74
03/01/2013,3160.19
02/28/2013,3162.26
02/27/2013,3129.65
02/26/2013,3116.25
02/25/2013,3161.82
02/22/2013,3131.49
02/21/2013,3164.41
02/20/2013,3213.59
02/19/2013,3192.03
02/18/2013,0
02/15/2013,3198.66
02/14/2013,3196.88
02/13/2013,3186.49
02/12/2013,3192
02/11/2013,3193.87
02/08/2013,3165.13
02/07/2013,3168.48
02/06/2013,3171.58
02/05/2013,3131.17
02/04/2013,3179.1
02/01/2013,3142.13
01/31/2013,3142.31
01/30/2013,3153.66
01/29/2013,3154.3
01/28/2013,3149.71
01/25/2013,3130.38
01/24/2013,3153.67
01/23/2013,3143.18
01/22/2013,3134.71
01/21/2013,0
01/18/2013,3136
01/17/2013,3117.54
01/16/2013,3110.78
01/15/2013,3117.5
01/14/2013,3125.63
01/11/2013,3121.76
01/10/2013,3105.81
01/09/2013,3091.81
01/08/2013,3098.81
01/07/2013,3101.66
01/04/2013,3100.57
01/03/2013,3112.26
01/02/2013,3019.51
01/01/2013,0
12/31/2012,2960.31
12/28/2012,2985.91
12/27/2012,2990.16
12/26/2012,3012.6
12/25/2012,0
12/24/2012,3021.01
12/21/2012,2998.6
12/20/2012,3050.3